"set","method","us_per_trial","n","n_acc","rel_diff"
1,"ours 1e-12 (density + 7 grads)",8.828858,1000,1000,0
1,"rtdists precision=3",5.959391,1000,1000,0.0330252198960825
1,"rtdists precision=5",368.120732673267,101,101,0.000198532652560202
1,"rtdists precision=8",178776.597115385,26,51,4.0832535241897e-07
1,"WienR 5e-3 (EMC2 default)",7.491766,1000,1000,0.0225957352333801
1,"WienR 1e-4",23.5701415,1000,1000,0.00153663029282236
1,"WienR 1e-8",414.822502,1000,1000,3.58024769830934e-08
1,"WienR 1e-12",1131.1082039801,201,201,4.15492085181768e-11
1,"WienR 1e-12 + 5 grads",8176.17634825871,201,201,4.15492085181768e-11
2,"ours 1e-12 (density + 7 grads)",9.306426,1000,1000,0
2,"rtdists precision=3",22.172472,1000,1000,0.0680521180701591
2,"rtdists precision=5",1351.57853,100,100,0.000102714744053434
2,"rtdists precision=8",644372.45125,26,51,2.15389089675e-07
2,"WienR 5e-3 (EMC2 default)",9.7407595,1000,1000,0.0136891689111671
2,"WienR 1e-4",30.8203765,1000,1000,0.00170309651863598
2,"WienR 1e-8",563.5104985,1000,1000,2.91110442418585e-08
2,"WienR 1e-12",1193.34477,200,200,4.20260715117138e-10
2,"WienR 1e-12 + 5 grads",8622.508485,200,200,4.20260715117138e-10
3,"ours 1e-12 (density + 7 grads)",11.4595205,1000,1000,0
3,"rtdists precision=3",25.6899235,1000,1000,0.0559108635747718
3,"rtdists precision=5",1524.93104,100,100,0.000254714874989959
3,"rtdists precision=8",728327.4932,25,50,1.52747805515219e-08
3,"WienR 5e-3 (EMC2 default)",23.250895,1000,1000,0.019389790873079
3,"WienR 1e-4",87.2552775,1000,1000,0.00895183667427091
3,"WienR 1e-8",862.337584,1000,1000,6.95693256336227e-08
3,"WienR 1e-12",1327.515425,200,200,8.87017526096656e-09
3,"WienR 1e-12 + 5 grads",9779.221395,200,200,8.87017526096656e-09
4,"ours 1e-12 (density + 7 grads)",10.2836405,1000,1000,0
4,"rtdists precision=3",15.465651,1000,1000,0.01093584290632
4,"rtdists precision=5",994.89165,100,100,4.72153181224622e-05
4,"rtdists precision=8",486624.10378,25,50,4.25934529868499e-08
4,"WienR 5e-3 (EMC2 default)",8.422671,1000,1000,0.0224545852237168
4,"WienR 1e-4",24.5199065,1000,1000,0.00450149390533117
4,"WienR 1e-8",438.640222,1000,1000,3.30609306598006e-09
4,"WienR 1e-12",1187.77205,200,200,2.26652585588738e-10
4,"WienR 1e-12 + 5 grads",9005.651025,200,200,2.26652585588738e-10
5,"ours 1e-12 (density + 7 grads)",10.25902,1000,1000,0
5,"rtdists precision=3",57.306315,1000,1000,0.608276128521556
5,"rtdists precision=5",3546.84194,100,100,3.17039108476136e-05
5,"rtdists precision=8",1774651.31194,25,50,6.77236311474871e-08
5,"WienR 5e-3 (EMC2 default)",16.2994065,1000,1000,0.139935127099942
5,"WienR 1e-4",57.0229845,1000,1000,0.0112598160010687
5,"WienR 1e-8",657.489489,1000,1000,9.20046154817555e-08
5,"WienR 1e-12",1266.644365,200,200,1.24189617478621e-08
5,"WienR 1e-12 + 5 grads",9514.588535,200,200,1.24189617478621e-08
6,"ours 1e-12 (density + 7 grads)",9.5072645,1000,1000,0
6,"rtdists precision=3",65.6128535,1000,1000,0.0141452157736383
6,"rtdists precision=5",4071.09008,100,100,6.35019469502618e-05
6,"rtdists precision=8",1956455.01172,25,50,1.3728167691518e-07
6,"WienR 5e-3 (EMC2 default)",30.7394425,1000,1000,0.155109863612416
6,"WienR 1e-4",111.946072,1000,1000,0.00229472537486419
6,"WienR 1e-8",878.3568785,1000,1000,6.42380198145887e-07
6,"WienR 1e-12",1183.61301,200,200,7.11957123256113e-08
6,"WienR 1e-12 + 5 grads",8861.293715,200,200,7.11957123256113e-08
7,"ours 1e-12 (density + 7 grads)",9.2187065,1000,1000,0
7,"rtdists precision=3",16.501229,1000,1000,0.011796443359389
7,"rtdists precision=5",1062.51705,100,100,0.000114014824440178
7,"rtdists precision=8",539142.70938,25,50,2.34171883661816e-07
7,"WienR 5e-3 (EMC2 default)",5.7573225,1000,1000,0.0177334223228331
7,"WienR 1e-4",10.9503415,1000,1000,0.0169331948548276
7,"WienR 1e-8",194.840118,1000,1000,1.51591868502443e-07
7,"WienR 1e-12",1035.89247,200,200,1.16219256440786e-10
7,"WienR 1e-12 + 5 grads",7904.083115,200,200,1.16219256440786e-10
8,"ours 1e-12 (density + 7 grads)",10.351721,1000,1000,0
8,"rtdists precision=3",28.1607475,1000,1000,0.0076153756485049
8,"rtdists precision=5",1710.93492,100,100,4.3406648089217e-05
8,"rtdists precision=8",801194.01504,25,50,9.02622458998081e-08
8,"WienR 5e-3 (EMC2 default)",10.3558415,1000,1000,0.0190143303089553
8,"WienR 1e-4",30.9947905,1000,1000,0.0122513465037326
8,"WienR 1e-8",572.5837985,1000,1000,1.94203093939471e-07
8,"WienR 1e-12",1242.52427,200,200,9.27066867717485e-10
8,"WienR 1e-12 + 5 grads",9647.02653,200,200,9.27066867717485e-10
9,"ours 1e-12 (density + 7 grads)",10.623346,1000,1000,0
9,"rtdists precision=3",53.0920685,1000,1000,0.0661450651429571
9,"rtdists precision=5",2954.23286,100,100,2.72922835986567e-05
9,"rtdists precision=8",1404803.48606,25,50,3.28794829140833e-08
9,"WienR 5e-3 (EMC2 default)",54.167847,1000,1000,0.0878743927191061
9,"WienR 1e-4",214.429262,1000,1000,0.000912473677792902
9,"WienR 1e-8",1119.2260975,1000,1000,2.25693763233892e-07
9,"WienR 1e-12",1264.043735,200,200,1.54521657691475e-07
9,"WienR 1e-12 + 5 grads",9457.925715,200,200,1.54521657691475e-07
10,"ours 1e-12 (density + 7 grads)",9.560257,1000,1000,0
10,"rtdists precision=3",17.6874615,1000,1000,0.00978808356939531
10,"rtdists precision=5",1181.88773,100,100,4.17351406374333e-05
10,"rtdists precision=8",554058.16744,25,50,8.86703986902049e-08
10,"WienR 5e-3 (EMC2 default)",5.432336,1000,1000,0.00830933423627145
10,"WienR 1e-4",10.746223,1000,1000,0.00300350645691649
10,"WienR 1e-8",182.479725,1000,1000,2.19301641291025e-08
10,"WienR 1e-12",839.113995,200,200,7.03619384978538e-11
10,"WienR 1e-12 + 5 grads",6605.42636,200,200,7.03619384978538e-11
11,"ours 1e-12 (density + 7 grads)",10.1223875,1000,1000,0
11,"rtdists precision=3",50.7745435,1000,1000,0.00747491429581126
11,"rtdists precision=5",3181.05429,100,100,0.000120507005844539
11,"rtdists precision=8",1511949.16162,25,50,4.21107532178056e-08
11,"WienR 5e-3 (EMC2 default)",11.0852315,1000,1000,0.0502902881448246
11,"WienR 1e-4",38.268047,1000,1000,0.000715551887970123
11,"WienR 1e-8",487.6170385,1000,1000,2.83261951672387e-08
11,"WienR 1e-12",1189.157235,200,200,1.47562695396175e-09
11,"WienR 1e-12 + 5 grads",8842.67869,200,200,1.47562695396175e-09
12,"ours 1e-12 (density + 7 grads)",10.817809,1000,1000,0
12,"rtdists precision=3",22.9274255,1000,1000,0.00987313780295507
12,"rtdists precision=5",1444.69404,100,100,9.37148417865519e-05
12,"rtdists precision=8",728620.17006,25,50,7.1596401918228e-08
12,"WienR 5e-3 (EMC2 default)",5.4511755,1000,1000,0.0111159845192363
12,"WienR 1e-4",11.4742395,1000,1000,0.000834665973916016
12,"WienR 1e-8",193.3338805,1000,1000,6.03930061515712e-09
12,"WienR 1e-12",921.97766,200,200,1.54819490560953e-10
12,"WienR 1e-12 + 5 grads",7644.44139,200,200,1.54819490560953e-10
13,"ours 1e-12 (density + 7 grads)",10.865861,1000,1000,0
13,"rtdists precision=3",45.8161265,1000,1000,0.00467418540599818
13,"rtdists precision=5",2811.26463,100,100,7.56711705038882e-05
13,"rtdists precision=8",1336252.59716,25,50,3.89672639711236e-08
13,"WienR 5e-3 (EMC2 default)",6.555695,1000,1000,0.035151638079424
13,"WienR 1e-4",17.3615935,1000,1000,0.003652664398341
13,"WienR 1e-8",303.555759,1000,1000,2.15198603936706e-07
13,"WienR 1e-12",1127.93788,200,200,5.71701220808407e-08
13,"WienR 1e-12 + 5 grads",8919.68448,200,200,5.71701220808407e-08
14,"ours 1e-12 (density + 7 grads)",10.9137695,1000,1000,0
14,"rtdists precision=3",4.807537,1000,1000,0.018899435880441
14,"rtdists precision=5",315.12682,100,100,8.57670559282209e-05
14,"rtdists precision=8",149875.80668,25,50,1.38857091824818e-07
14,"WienR 5e-3 (EMC2 default)",4.7403585,1000,1000,0.00181174454245503
14,"WienR 1e-4",5.247221,1000,1000,6.26188374038827e-05
14,"WienR 1e-8",45.8841865,1000,1000,6.17507422973063e-09
14,"WienR 1e-12",596.95795,200,200,1.92443838642475e-11
14,"WienR 1e-12 + 5 grads",5240.916635,200,200,1.92443838642475e-11
15,"ours 1e-12 (density + 7 grads)",10.6416115,1000,1000,0
15,"rtdists precision=3",39.738922,1000,1000,0.00559220728999243
15,"rtdists precision=5",2398.72304,100,100,8.69437742172519e-05
15,"rtdists precision=8",1168443.1494,25,50,7.73086165084536e-08
15,"WienR 5e-3 (EMC2 default)",19.8769025,1000,1000,0.0274006111129295
15,"WienR 1e-4",72.672008,1000,1000,0.021275815753385
15,"WienR 1e-8",950.1974475,1000,1000,1.35206299267665e-07
15,"WienR 1e-12",1304.022015,200,200,8.569262188729e-09
15,"WienR 1e-12 + 5 grads",9712.092915,200,200,8.569262188729e-09
16,"ours 1e-12 (density + 7 grads)",11.474342,1000,1000,0
16,"rtdists precision=3",10.934413,1000,1000,1
16,"rtdists precision=5",430.06581,100,100,0.00101369203276958
16,"rtdists precision=8",195323.21444,25,50,1.27540504157864e-07
16,"WienR 5e-3 (EMC2 default)",22.178335,1000,1000,0.268843262122955
16,"WienR 1e-4",41.6112075,1000,1000,0.268843262122955
16,"WienR 1e-8",637.6095525,1000,1000,0.268843262122955
16,"WienR 1e-12",1115.20861,200,200,9.95436290063267e-07
16,"WienR 1e-12 + 5 grads",8460.298135,200,200,9.95436290063267e-07
17,"ours 1e-12 (density + 7 grads)",10.810306,1000,1000,0
17,"rtdists precision=3",22.6738815,1000,1000,0.0411405214087287
17,"rtdists precision=5",1478.28452,100,100,5.60530562293549e-05
17,"rtdists precision=8",705226.14324,25,50,1.17019963385978e-07
17,"WienR 5e-3 (EMC2 default)",11.61612,1000,1000,0.0147032752305339
17,"WienR 1e-4",34.365667,1000,1000,0.00485965686626988
17,"WienR 1e-8",602.548669,1000,1000,4.49865655838266e-09
17,"WienR 1e-12",1313.419625,200,200,5.30897659167806e-10
17,"WienR 1e-12 + 5 grads",9722.87694,200,200,5.30897659167806e-10
18,"ours 1e-12 (density + 7 grads)",10.369556,1000,1000,0
18,"rtdists precision=3",19.919194,1000,1000,0.0278299449268822
18,"rtdists precision=5",1297.61228,100,100,2.31461737298932e-05
18,"rtdists precision=8",628769.69092,25,50,9.24327947515735e-09
18,"WienR 5e-3 (EMC2 default)",7.4493515,1000,1000,0.0487911134935208
18,"WienR 1e-4",22.9834725,1000,1000,0.000193900458741236
18,"WienR 1e-8",365.351041,1000,1000,9.8903737644207e-08
18,"WienR 1e-12",1155.169875,200,200,1.48477663497459e-09
18,"WienR 1e-12 + 5 grads",8743.6682,200,200,1.48477663497459e-09
19,"ours 1e-12 (density + 7 grads)",9.542586,1000,1000,0
19,"rtdists precision=3",26.5676105,1000,1000,0.0115439614214642
19,"rtdists precision=5",1660.56437,100,100,2.38137874700728e-05
19,"rtdists precision=8",795410.55012,25,50,4.66016490952015e-08
19,"WienR 5e-3 (EMC2 default)",7.5415195,1000,1000,0.0104580763027873
19,"WienR 1e-4",21.609419,1000,1000,0.0014465290070671
19,"WienR 1e-8",401.0335255,1000,1000,5.25274983509405e-08
19,"WienR 1e-12",1115.60221,200,200,1.51274548443325e-10
19,"WienR 1e-12 + 5 grads",8409.48171,200,200,1.51274548443325e-10
20,"ours 1e-12 (density + 7 grads)",10.733636,1000,1000,0
20,"rtdists precision=3",140.2787735,1000,1000,0.022474736157624
20,"rtdists precision=5",8307.64427,100,100,7.50785468138782e-05
20,"rtdists precision=8",4167602.34488,25,50,2.01529567478431e-08
20,"WienR 5e-3 (EMC2 default)",12.7572525,1000,1000,0.0530702496165031
20,"WienR 1e-4",48.1020815,1000,1000,0.00834128116132427
20,"WienR 1e-8",670.54147,1000,1000,9.06937174249833e-08
20,"WienR 1e-12",1267.745215,200,200,6.35788932612513e-09
20,"WienR 1e-12 + 5 grads",9493.677305,200,200,6.35788932612513e-09
21,"ours 1e-12 (density + 7 grads)",11.327029,1000,1000,0
21,"rtdists precision=3",35.1090175,1000,1000,0.0187891095535124
21,"rtdists precision=5",2209.72124,100,100,6.88041248451121e-05
21,"rtdists precision=8",1077934.45138,25,50,3.62429988243207e-08
21,"WienR 5e-3 (EMC2 default)",5.522044,1000,1000,0.0288621984145816
21,"WienR 1e-4",12.2537725,1000,1000,0.00942367928457044
21,"WienR 1e-8",224.4459105,1000,1000,2.91731268031725e-08
21,"WienR 1e-12",1005.076665,200,200,1.83595805225423e-10
21,"WienR 1e-12 + 5 grads",7946.372565,200,200,1.83595805225423e-10
22,"ours 1e-12 (density + 7 grads)",10.623059,1000,1000,0
22,"rtdists precision=3",24.1746045,1000,1000,0.0414487312723906
22,"rtdists precision=5",1427.8742,100,100,6.8786136234178e-05
22,"rtdists precision=8",728705.00562,25,50,1.44474021968044e-07
22,"WienR 5e-3 (EMC2 default)",12.626524,1000,1000,0.028336847012812
22,"WienR 1e-4",44.8104785,1000,1000,0.00968951206988478
22,"WienR 1e-8",657.602362,1000,1000,1.4604885523184e-08
22,"WienR 1e-12",1244.551925,200,200,1.3704324342001e-09
22,"WienR 1e-12 + 5 grads",9196.363755,200,200,1.3704324342001e-09
23,"ours 1e-12 (density + 7 grads)",10.6713775,1000,1000,0
23,"rtdists precision=3",35.629246,1000,1000,0.00993900067066777
23,"rtdists precision=5",3316.5187,100,100,0.000159513396561395
23,"rtdists precision=8",997314.97878,25,50,5.2804788430727e-08
23,"WienR 5e-3 (EMC2 default)",13.0846375,1000,1000,0.0228200204094223
23,"WienR 1e-4",45.343007,1000,1000,0.0228168528517594
23,"WienR 1e-8",678.381613,1000,1000,4.62258702427221e-08
23,"WienR 1e-12",1277.534375,200,200,5.25957077890382e-09
23,"WienR 1e-12 + 5 grads",9439.013645,200,200,5.25957077890382e-09
24,"ours 1e-12 (density + 7 grads)",10.8109825,1000,1000,0
24,"rtdists precision=3",6.8957285,1000,1000,0.00514457191660089
24,"rtdists precision=5",117.95536,100,100,7.96731909620263e-05
24,"rtdists precision=8",59221.25362,25,50,7.42217194371619e-08
24,"WienR 5e-3 (EMC2 default)",4.5961205,1000,1000,0.000826192839230355
24,"WienR 1e-4",4.6553655,1000,1000,0.000407335978706125
24,"WienR 1e-8",8.421031,1000,1000,1.17782755104656e-07
24,"WienR 1e-12",118.612795,200,200,2.43138842392909e-14
24,"WienR 1e-12 + 5 grads",1419.7726,200,200,2.43138842392909e-14
25,"ours 1e-12 (density + 7 grads)",12.8550785,1000,1000,0
25,"rtdists precision=3",325.737292,1000,1000,0.030209221258156
25,"rtdists precision=5",20843.40165,100,100,0.000191097693285069
25,"rtdists precision=8",9976571.68224,25,50,1.55911967336664e-07
25,"WienR 5e-3 (EMC2 default)",48.4657105,1000,1000,0.187973555707996
25,"WienR 1e-4",228.854743,1000,1000,0.119803009073038
25,"WienR 1e-8",1159.08968,1000,1000,8.0164768340385e-05
25,"WienR 1e-12",1257.04729,200,200,8.01647683397189e-05
25,"WienR 1e-12 + 5 grads",9007.16372,200,200,8.01647683397189e-05
26,"ours 1e-12 (density + 7 grads)",9.719747,1000,1000,0
26,"rtdists precision=3",59.043485,1000,1000,0.0135220054094363
26,"rtdists precision=5",3624.27946,100,100,8.00244169886222e-05
26,"rtdists precision=8",1756579.71898,25,50,1.73723728291719e-07
26,"WienR 5e-3 (EMC2 default)",29.0472905,1000,1000,0.208863156447038
26,"WienR 1e-4",107.956772,1000,1000,0.0159765921382365
26,"WienR 1e-8",720.2726865,1000,1000,1.03021498110145e-06
26,"WienR 1e-12",1171.461635,200,200,1.03021498110145e-06
26,"WienR 1e-12 + 5 grads",8686.33093,200,200,1.03021498110145e-06
27,"ours 1e-12 (density + 7 grads)",11.804884,1000,1000,0
27,"rtdists precision=3",13.28277,1000,1000,0.0329423279902502
27,"rtdists precision=5",880.91411,100,100,3.03867151207893e-05
27,"rtdists precision=8",432079.90466,25,50,6.46771811663172e-08
27,"WienR 5e-3 (EMC2 default)",4.959606,1000,1000,0.00811425811827649
27,"WienR 1e-4",8.7323645,1000,1000,0.000601266338324802
27,"WienR 1e-8",129.3142255,1000,1000,4.55131892174165e-08
27,"WienR 1e-12",920.78128,200,200,2.82489587277723e-11
27,"WienR 1e-12 + 5 grads",7604.870035,200,200,2.82489587277723e-11
28,"ours 1e-12 (density + 7 grads)",10.9510385,1000,1000,0
28,"rtdists precision=3",58.7951685,1000,1000,0.02730102108573
28,"rtdists precision=5",3615.90193,100,100,4.31731012573433e-05
28,"rtdists precision=8",1635167.71458,25,50,8.0869625773694e-08
28,"WienR 5e-3 (EMC2 default)",7.962405,1000,1000,0.0556166650276437
28,"WienR 1e-4",23.5970785,1000,1000,0.00168723035103424
28,"WienR 1e-8",383.152872,1000,1000,3.02228796544846e-07
28,"WienR 1e-12",1119.727835,200,200,3.70935726579091e-09
28,"WienR 1e-12 + 5 grads",8887.97426,200,200,3.70935726579091e-09
29,"ours 1e-12 (density + 7 grads)",9.4522425,1000,1000,0
29,"rtdists precision=3",26.0567095,1000,1000,0.0148891269140837
29,"rtdists precision=5",1682.55226,100,100,8.45699299302227e-05
29,"rtdists precision=8",834844.18366,25,50,1.75298769722332e-07
29,"WienR 5e-3 (EMC2 default)",7.8090855,1000,1000,0.0104518251199794
29,"WienR 1e-4",22.2113195,1000,1000,0.000690033410400082
29,"WienR 1e-8",363.800585,1000,1000,2.88249101254578e-08
29,"WienR 1e-12",1039.371525,200,200,1.05205300027222e-09
29,"WienR 1e-12 + 5 grads",7859.21046,200,200,1.05205300027222e-09
30,"ours 1e-12 (density + 7 grads)",9.015449,1000,1000,0
30,"rtdists precision=3",8.347395,1000,1000,0.635610785727594
30,"rtdists precision=5",536.45753,100,100,0.000598427368724952
30,"rtdists precision=8",265774.12206,25,50,9.59040856729487e-08
30,"WienR 5e-3 (EMC2 default)",5.8795025,1000,1000,0.376786937853465
30,"WienR 1e-4",12.192293,1000,1000,0.376786937853465
30,"WienR 1e-8",202.1538415,1000,1000,6.98849369529242e-06
30,"WienR 1e-12",917.02281,200,200,1.42805323122275e-10
30,"WienR 1e-12 + 5 grads",7044.051125,200,200,1.42805323122275e-10
31,"ours 1e-12 (density + 7 grads)",10.64975,1000,1000,0
31,"rtdists precision=3",36.9463915,1000,1000,0.0152742106223801
31,"rtdists precision=5",2190.22697,100,100,1.73413550085266e-05
31,"rtdists precision=8",1056729.73108,25,50,3.72975459406177e-08
31,"WienR 5e-3 (EMC2 default)",17.41557,1000,1000,0.0330953847910895
31,"WienR 1e-4",71.6973355,1000,1000,0.0328958979081508
31,"WienR 1e-8",865.240179,1000,1000,1.20187212404588e-08
31,"WienR 1e-12",1321.02287,200,200,2.9025533088145e-09
31,"WienR 1e-12 + 5 grads",10010.242455,200,200,2.9025533088145e-09
32,"ours 1e-12 (density + 7 grads)",10.616458,1000,1000,0
32,"rtdists precision=3",28.2544735,1000,1000,0.00876453250949782
32,"rtdists precision=5",1759.21775,100,100,3.58974419240043e-05
32,"rtdists precision=8",835272.0531,25,50,7.72488870648402e-08
32,"WienR 5e-3 (EMC2 default)",5.1770495,1000,1000,0.0221981651471823
32,"WienR 1e-4",10.489932,1000,1000,0.000505286463695187
32,"WienR 1e-8",169.0699575,1000,1000,4.85144135975446e-09
32,"WienR 1e-12",900.06316,200,200,2.33177677166907e-09
32,"WienR 1e-12 + 5 grads",7236.93747,200,200,2.33177677166907e-09
33,"ours 1e-12 (density + 7 grads)",10.5082795,1000,1000,0
33,"rtdists precision=3",4.9477365,1000,1000,0.0918362438182707
33,"rtdists precision=5",215.50666,100,100,3.54776736468665e-05
33,"rtdists precision=8",104721.61042,25,50,7.16921330079501e-08
33,"WienR 5e-3 (EMC2 default)",5.789856,1000,1000,0.00275737141228083
33,"WienR 1e-4",8.609713,1000,1000,0.00275737141228083
33,"WienR 1e-8",105.0834715,1000,1000,7.0803999774327e-08
33,"WienR 1e-12",767.478385,200,200,5.08926234488172e-13
33,"WienR 1e-12 + 5 grads",6650.268675,200,200,5.08926234488172e-13
34,"ours 1e-12 (density + 7 grads)",10.3676495,1000,1000,0
34,"rtdists precision=3",39.933508,1000,1000,0.00725626120171663
34,"rtdists precision=5",2412.58309,100,100,7.93543264632213e-05
34,"rtdists precision=8",1135834.68008,25,50,2.86734843646386e-08
34,"WienR 5e-3 (EMC2 default)",15.1389015,1000,1000,0.0393863311976934
34,"WienR 1e-4",50.4474865,1000,1000,0.0393863311976934
34,"WienR 1e-8",686.1262465,1000,1000,2.69581990064438e-07
34,"WienR 1e-12",1329.01992,200,200,2.69581990064438e-07
34,"WienR 1e-12 + 5 grads",9819.622795,200,200,2.69581990064438e-07
35,"ours 1e-12 (density + 7 grads)",8.7001385,1000,1000,0
35,"rtdists precision=3",7.284019,1000,1000,0.0656095828876887
35,"rtdists precision=5",281.75692,100,100,2.24478969490516e-05
35,"rtdists precision=8",140493.516519231,26,51,4.51160719894261e-08
35,"WienR 5e-3 (EMC2 default)",18.3583035,1000,1000,0.0241133366364845
35,"WienR 1e-4",38.8700705,1000,1000,0.000380376666046622
35,"WienR 1e-8",588.1369435,1000,1000,5.62393431824404e-09
35,"WienR 1e-12",1111.342925,200,200,2.26006990899918e-11
35,"WienR 1e-12 + 5 grads",8235.38382,200,200,2.26006990899918e-11
36,"ours 1e-12 (density + 7 grads)",11.0143015,1000,1000,0
36,"rtdists precision=3",74.583182,1000,1000,0.00735910373852011
36,"rtdists precision=5",4769.96132,100,100,5.12447793095117e-05
36,"rtdists precision=8",2198042.1112,25,50,1.10751916193585e-07
36,"WienR 5e-3 (EMC2 default)",23.807429,1000,1000,0.134512997127082
36,"WienR 1e-4",82.8606925,1000,1000,0.0106163006152215
36,"WienR 1e-8",784.8766325,1000,1000,7.43164847438749e-07
36,"WienR 1e-12",1216.972865,200,200,3.04558551711409e-08
36,"WienR 1e-12 + 5 grads",9198.23233,200,200,3.04558551711409e-08
37,"ours 1e-12 (density + 7 grads)",9.7488365,1000,1000,0
37,"rtdists precision=3",37.599747,1000,1000,0.0128247856732516
37,"rtdists precision=5",2340.20169,100,100,7.71514613124857e-05
37,"rtdists precision=8",1118859.14668,25,50,1.44828271597675e-08
37,"WienR 5e-3 (EMC2 default)",11.7518095,1000,1000,0.0390897482066939
37,"WienR 1e-4",37.972806,1000,1000,0.0009317296961453
37,"WienR 1e-8",608.329792,1000,1000,7.2611618384677e-08
37,"WienR 1e-12",1192.30214,200,200,1.00283870096973e-09
37,"WienR 1e-12 + 5 grads",8694.181815,200,200,1.00283870096973e-09
38,"ours 1e-12 (density + 7 grads)",10.59235,1000,1000,0
38,"rtdists precision=3",86.3595505,1000,1000,0.24956870530955
38,"rtdists precision=5",5183.78908,100,100,1.7328461970445e-05
38,"rtdists precision=8",2513702.99146,25,50,3.72932944525672e-08
38,"WienR 5e-3 (EMC2 default)",25.540827,1000,1000,0.141856163579427
38,"WienR 1e-4",86.7642,1000,1000,0.00576532547552455
38,"WienR 1e-8",943.114595,1000,1000,2.5680295789865e-07
38,"WienR 1e-12",1251.00307,200,200,1.16244525116826e-08
38,"WienR 1e-12 + 5 grads",9517.322415,200,200,1.16244525116826e-08
39,"ours 1e-12 (density + 7 grads)",10.6046705,1000,1000,0
39,"rtdists precision=3",120.2628605,1000,1000,0.00761318317305837
39,"rtdists precision=5",7385.38166,100,100,2.38780568393437e-05
39,"rtdists precision=8",3295151.38108,25,50,4.45047650954322e-08
39,"WienR 5e-3 (EMC2 default)",45.1313445,1000,1000,0.128921157098016
39,"WienR 1e-4",181.290602,1000,1000,0.00813160573878813
39,"WienR 1e-8",1169.3317875,1000,1000,7.22671971375988e-07
39,"WienR 1e-12",1261.900255,200,200,1.2370220447977e-07
39,"WienR 1e-12 + 5 grads",9246.97149,200,200,1.2370220447977e-07
40,"ours 1e-12 (density + 7 grads)",8.6490525,1000,1000,0
40,"rtdists precision=3",11.7206905,1000,1000,0.0320806172115556
40,"rtdists precision=5",756.146762376238,101,101,0.000108352713817261
40,"rtdists precision=8",362818.989807692,26,51,2.58581128620428e-07
40,"WienR 5e-3 (EMC2 default)",7.601482,1000,1000,0.00424873036028584
40,"WienR 1e-4",18.0641285,1000,1000,0.000517594272201549
40,"WienR 1e-8",294.40993,1000,1000,1.2871915089363e-08
40,"WienR 1e-12",1065.79992,200,200,2.92944557500618e-11
40,"WienR 1e-12 + 5 grads",7932.448965,200,200,2.92944557500618e-11
41,"ours 1e-12 (density + 7 grads)",10.1743345,1000,1000,0
41,"rtdists precision=3",18.749997,1000,1000,0.0264047555758702
41,"rtdists precision=5",1186.66915,100,100,7.83286518453163e-05
41,"rtdists precision=8",581429.44846,25,50,1.33262349932828e-07
41,"WienR 5e-3 (EMC2 default)",8.4572135,1000,1000,0.0150653160622273
41,"WienR 1e-4",22.2657675,1000,1000,0.000756026921893582
41,"WienR 1e-8",384.7437745,1000,1000,8.35998337223032e-09
41,"WienR 1e-12",1112.79002,200,200,5.42281886062312e-10
41,"WienR 1e-12 + 5 grads",8659.23977,200,200,5.42281886062312e-10
42,"ours 1e-12 (density + 7 grads)",9.6984885,1000,1000,0
42,"rtdists precision=3",29.983997,1000,1000,0.00476544283144986
42,"rtdists precision=5",1828.42821,100,100,1.60690020970522e-05
42,"rtdists precision=8",872864.40042,25,50,3.39201375876286e-08
42,"WienR 5e-3 (EMC2 default)",17.587893,1000,1000,0.0445267769834421
42,"WienR 1e-4",60.463438,1000,1000,0.0143213541210421
42,"WienR 1e-8",852.404678,1000,1000,2.26327604435639e-08
42,"WienR 1e-12",1214.537055,200,200,4.3560366425055e-10
42,"WienR 1e-12 + 5 grads",8992.3537,200,200,4.3560366425055e-10
43,"ours 1e-12 (density + 7 grads)",11.562574,1000,1000,0
43,"rtdists precision=3",27.7786275,1000,1000,0.0247596986461179
43,"rtdists precision=5",1749.35602,100,100,4.90097501710807e-05
43,"rtdists precision=8",838374.19592,25,50,1.02978535809761e-07
43,"WienR 5e-3 (EMC2 default)",10.7733855,1000,1000,0.0243595519045808
43,"WienR 1e-4",35.462499,1000,1000,0.000426608306734133
43,"WienR 1e-8",547.3798685,1000,1000,3.46938744399949e-08
43,"WienR 1e-12",1249.87311,200,200,8.42544678469892e-09
43,"WienR 1e-12 + 5 grads",9627.142965,200,200,8.42544678469892e-09
44,"ours 1e-12 (density + 7 grads)",9.5469525,1000,1000,0
44,"rtdists precision=3",27.8767405,1000,1000,0.00749363126667335
44,"rtdists precision=5",1785.92966,100,100,2.07581882815111e-05
44,"rtdists precision=8",857951.545923077,26,50,4.42507509523793e-08
44,"WienR 5e-3 (EMC2 default)",13.553329,1000,1000,0.025205197752213
44,"WienR 1e-4",43.934288,1000,1000,0.00163648808077854
44,"WienR 1e-8",679.8905155,1000,1000,6.04341464649494e-08
44,"WienR 1e-12",1204.98467,200,200,1.3429981571278e-09
44,"WienR 1e-12 + 5 grads",8820.00528,200,200,1.3429981571278e-09
45,"ours 1e-12 (density + 7 grads)",10.741344,1000,1000,0
45,"rtdists precision=3",8.5997295,1000,1000,0.00246936581408375
45,"rtdists precision=5",260.19871,100,100,8.74522364152641e-05
45,"rtdists precision=8",128819.88686,25,50,1.81979386337794e-07
45,"WienR 5e-3 (EMC2 default)",5.1775825,1000,1000,0.00161860817013726
45,"WienR 1e-4",6.927237,1000,1000,0.000975342491141173
45,"WienR 1e-8",43.3982335,1000,1000,4.55139370636459e-09
45,"WienR 1e-12",482.57984,200,200,1.2134737659153e-13
45,"WienR 1e-12 + 5 grads",4318.12082,200,200,1.2134737659153e-13
46,"ours 1e-12 (density + 7 grads)",9.835859,1000,1000,0
46,"rtdists precision=3",38.9638785,1000,1000,0.0101672566777811
46,"rtdists precision=5",2320.54342,100,100,5.31190311199303e-05
46,"rtdists precision=8",1106923.43004,25,50,1.14445367516147e-07
46,"WienR 5e-3 (EMC2 default)",29.360059,1000,1000,0.0560169963892156
46,"WienR 1e-4",118.846577,1000,1000,0.00419522576304243
46,"WienR 1e-8",836.776462,1000,1000,1.66970723802784e-07
46,"WienR 1e-12",1257.35766,200,200,8.08627893533753e-08
46,"WienR 1e-12 + 5 grads",9165.07686,200,200,8.08627893533753e-08
47,"ours 1e-12 (density + 7 grads)",10.6772405,1000,1000,0
47,"rtdists precision=3",12.035427,1000,1000,0.00904471187711642
47,"rtdists precision=5",660.38659,100,100,4.91830046146502e-05
47,"rtdists precision=8",324186.25134,25,50,5.1841378634343e-08
47,"WienR 5e-3 (EMC2 default)",6.090222,1000,1000,0.00560332177436884
47,"WienR 1e-4",12.220624,1000,1000,0.00207166384277691
47,"WienR 1e-8",157.5339515,1000,1000,6.73143242257979e-08
47,"WienR 1e-12",963.573595,200,200,2.94053670302219e-12
47,"WienR 1e-12 + 5 grads",7766.752795,200,200,2.94053670302219e-12
48,"ours 1e-12 (density + 7 grads)",11.5290565,1000,1000,0
48,"rtdists precision=3",26.775296,1000,1000,0.00569125199329878
48,"rtdists precision=5",1701.6968,100,100,3.3910147696381e-05
48,"rtdists precision=8",864262.57418,25,50,3.70137487326616e-08
48,"WienR 5e-3 (EMC2 default)",14.86291,1000,1000,0.0215720875977845
48,"WienR 1e-4",34.033772,1000,1000,0.0161628171391053
48,"WienR 1e-8",592.315028,1000,1000,8.9820751059122e-08
48,"WienR 1e-12",1238.411355,200,200,4.97892838069447e-11
48,"WienR 1e-12 + 5 grads",9368.468635,200,200,4.97892838069447e-11
49,"ours 1e-12 (density + 7 grads)",11.2418105,1000,1000,0
49,"rtdists precision=3",21.300648,1000,1000,0.0320618093742434
49,"rtdists precision=5",1337.43722,100,100,3.14270010631779e-05
49,"rtdists precision=8",644980.79408,25,50,6.28727059304168e-08
49,"WienR 5e-3 (EMC2 default)",8.433208,1000,1000,0.0201443893922797
49,"WienR 1e-4",16.8253135,1000,1000,0.00409799970852498
49,"WienR 1e-8",269.9318435,1000,1000,2.12489724704668e-07
49,"WienR 1e-12",1102.25179,200,200,9.2524654604631e-11
49,"WienR 1e-12 + 5 grads",8881.561655,200,200,9.2524654604631e-11
50,"ours 1e-12 (density + 7 grads)",10.370991,1000,1000,0
50,"rtdists precision=3",69.748626,1000,1000,0.0983029645108445
50,"rtdists precision=5",4334.57166,100,100,3.86796838593995e-05
50,"rtdists precision=8",2088830.94338,25,50,8.26704805723111e-08
50,"WienR 5e-3 (EMC2 default)",13.294373,1000,1000,0.0786260824368367
50,"WienR 1e-4",45.9641365,1000,1000,0.0022038463145464
50,"WienR 1e-8",665.533648,1000,1000,6.14283941491323e-08
50,"WienR 1e-12",1237.356425,200,200,3.09704204504158e-08
50,"WienR 1e-12 + 5 grads",9393.72033,200,200,3.09704204504158e-08
51,"ours 1e-12 (density + 7 grads)",9.989527,1000,1000,0
51,"rtdists precision=3",13.6374405,1000,1000,0.0148786609721286
51,"rtdists precision=5",863.93437,100,100,5.93512746791536e-05
51,"rtdists precision=8",422762.03228,25,50,1.26678984080364e-07
51,"WienR 5e-3 (EMC2 default)",4.9810285,1000,1000,0.0074727288324753
51,"WienR 1e-4",6.3819985,1000,1000,0.00232900782225021
51,"WienR 1e-8",70.7378125,1000,1000,1.66255853528696e-09
51,"WienR 1e-12",607.646035,200,200,1.44642076094215e-11
51,"WienR 1e-12 + 5 grads",5111.029865,200,200,1.44642076094215e-11
52,"ours 1e-12 (density + 7 grads)",10.041351,1000,1000,0
52,"rtdists precision=3",11.586805,1000,1000,0.000571827398233693
52,"rtdists precision=5",137.39223,100,100,0.000118345075130644
52,"rtdists precision=8",70318.80152,25,50,2.0089750196739e-07
52,"WienR 5e-3 (EMC2 default)",4.7174805,1000,1000,0.000933610117960892
52,"WienR 1e-4",5.6368235,1000,1000,3.55518762394924e-05
52,"WienR 1e-8",21.491339,1000,1000,7.90683192253283e-08
52,"WienR 1e-12",202.698055,200,200,1.23345778035855e-11
52,"WienR 1e-12 + 5 grads",2309.00479,200,200,1.23345778035855e-11
53,"ours 1e-12 (density + 7 grads)",9.834014,1000,1000,0
53,"rtdists precision=3",25.7585165,1000,1000,0.0202895355010182
53,"rtdists precision=5",1541.75293,100,100,0.000334099739397908
53,"rtdists precision=8",730167.2821,25,50,7.0604860658019e-07
53,"WienR 5e-3 (EMC2 default)",6.8506285,1000,1000,0.069204966084548
53,"WienR 1e-4",21.214343,1000,1000,0.0113452022465762
53,"WienR 1e-8",391.0219815,1000,1000,7.58367024733531e-09
53,"WienR 1e-12",1143.532845,200,200,5.23414533937228e-10
53,"WienR 1e-12 + 5 grads",8545.928685,200,200,5.23414533937228e-10
54,"ours 1e-12 (density + 7 grads)",9.3155485,1000,1000,0
54,"rtdists precision=3",70.454195,1000,1000,0.00762248800934728
54,"rtdists precision=5",4395.07331,100,100,8.30052124318748e-05
54,"rtdists precision=8",2166872.58705769,26,50,1.78708907672132e-07
54,"WienR 5e-3 (EMC2 default)",20.283807,1000,1000,0.11773581807073
54,"WienR 1e-4",75.099085,1000,1000,0.0650330110098094
54,"WienR 1e-8",873.327224,1000,1000,5.43099498706567e-08
54,"WienR 1e-12",1168.490365,200,200,2.15360365096728e-08
54,"WienR 1e-12 + 5 grads",8518.77377,200,200,2.15360365096728e-08
55,"ours 1e-12 (density + 7 grads)",10.949132,1000,1000,0
55,"rtdists precision=3",14.5204165,1000,1000,0.00709908543920246
55,"rtdists precision=5",894.84878,100,100,2.13330422569324e-05
55,"rtdists precision=8",431942.01592,25,50,3.71532020704279e-08
55,"WienR 5e-3 (EMC2 default)",12.0814085,1000,1000,0.0210243160922194
55,"WienR 1e-4",29.8801645,1000,1000,0.000782680791154844
55,"WienR 1e-8",438.466218,1000,1000,2.03382299890364e-08
55,"WienR 1e-12",1104.511095,200,200,8.73527361555659e-10
55,"WienR 1e-12 + 5 grads",8904.04011,200,200,8.73527361555659e-10
56,"ours 1e-12 (density + 7 grads)",10.322242,1000,1000,0
56,"rtdists precision=3",17.7972185,1000,1000,0.0658520403925109
56,"rtdists precision=5",1121.40043,100,100,2.52803130081913e-05
56,"rtdists precision=8",519863.10472,25,50,2.10508356301986e-08
56,"WienR 5e-3 (EMC2 default)",6.319863,1000,1000,0.0280834115643986
56,"WienR 1e-4",14.957702,1000,1000,0.0280834115643986
56,"WienR 1e-8",255.5065265,1000,1000,1.52562229516207e-08
56,"WienR 1e-12",1016.00009,200,200,5.27881982570477e-09
56,"WienR 1e-12 + 5 grads",8063.342285,200,200,5.27881982570477e-09
57,"ours 1e-12 (density + 7 grads)",9.697935,1000,1000,0
57,"rtdists precision=3",44.1295505,1000,1000,1
57,"rtdists precision=5",2758.76126,100,100,2.23433199401102e-05
57,"rtdists precision=8",1232501.43132,25,50,3.70501344049146e-08
57,"WienR 5e-3 (EMC2 default)",43.246718,1000,1000,0.0743433842193086
57,"WienR 1e-4",164.2079725,1000,1000,0.0238941994188617
57,"WienR 1e-8",978.6997045,1000,1000,8.01031798269847e-06
57,"WienR 1e-12",1206.02976,200,200,1.68553957069495e-06
57,"WienR 1e-12 + 5 grads",8796.83167,200,200,1.68553957069495e-06
58,"ours 1e-12 (density + 7 grads)",10.9995415,1000,1000,0
58,"rtdists precision=3",65.6526645,1000,1000,0.444874063942735
58,"rtdists precision=5",3960.0055,100,100,2.55556063685214e-05
58,"rtdists precision=8",2056583.30932,25,50,1.86546003089205e-08
58,"WienR 5e-3 (EMC2 default)",17.2974285,1000,1000,0.169848019597216
58,"WienR 1e-4",70.876987,1000,1000,0.0205691325635257
58,"WienR 1e-8",679.089806,1000,1000,7.88998309575462e-07
58,"WienR 1e-12",1287.05232,200,200,2.63046389337163e-07
58,"WienR 1e-12 + 5 grads",9753.834195,200,200,2.63046389337163e-07
59,"ours 1e-12 (density + 7 grads)",10.593416,1000,1000,0
59,"rtdists precision=3",46.3805325,1000,1000,0.0224789113107755
59,"rtdists precision=5",2730.06946,100,100,0.000346543552270706
59,"rtdists precision=8",1380720.06228,25,50,7.09122024322717e-07
59,"WienR 5e-3 (EMC2 default)",15.551136,1000,1000,0.0606721890380353
59,"WienR 1e-4",58.963658,1000,1000,0.00135443083212772
59,"WienR 1e-8",775.374821,1000,1000,2.83884782348309e-08
59,"WienR 1e-12",1278.440065,200,200,2.83884782348309e-08
59,"WienR 1e-12 + 5 grads",9499.329975,200,200,2.83884782348309e-08
60,"ours 1e-12 (density + 7 grads)",9.9977065,1000,1000,0
60,"rtdists precision=3",76.041921,1000,1000,0.0153987682014471
60,"rtdists precision=5",4662.11902,100,100,0.000236859269192591
60,"rtdists precision=8",2346740.89152,25,50,9.96839764066948e-08
60,"WienR 5e-3 (EMC2 default)",19.704887,1000,1000,0.120542065557493
60,"WienR 1e-4",75.33709,1000,1000,0.00129690050407816
60,"WienR 1e-8",730.2938655,1000,1000,3.23023486736851e-07
60,"WienR 1e-12",1232.1484,200,200,4.9013848424373e-08
60,"WienR 1e-12 + 5 grads",9106.063715,200,200,4.9013848424373e-08
61,"ours 1e-12 (density + 7 grads)",10.9998285,1000,1000,0
61,"rtdists precision=3",31.4890045,1000,1000,0.0479851633208044
61,"rtdists precision=5",1924.06194,100,100,3.55859030116701e-05
61,"rtdists precision=8",988494.48806,25,50,5.45159631881731e-08
61,"WienR 5e-3 (EMC2 default)",7.147325,1000,1000,0.0905444601808144
61,"WienR 1e-4",19.435845,1000,1000,0.00201343406033483
61,"WienR 1e-8",287.8818075,1000,1000,1.10263919550491e-07
61,"WienR 1e-12",1050.65739,200,200,4.45900205647831e-10
61,"WienR 1e-12 + 5 grads",8326.94707,200,200,4.45900205647831e-10
62,"ours 1e-12 (density + 7 grads)",10.467915,1000,1000,0
62,"rtdists precision=3",33.7456445,1000,1000,0.0581482899838706
62,"rtdists precision=5",2140.0401,100,100,8.31689468542285e-05
62,"rtdists precision=8",1079675.058,25,50,1.74722475598799e-07
62,"WienR 5e-3 (EMC2 default)",16.526854,1000,1000,0.0466435187290671
62,"WienR 1e-4",59.3520715,1000,1000,0.00517428647791329
62,"WienR 1e-8",566.762024,1000,1000,2.3260678627679e-07
62,"WienR 1e-12",1247.275555,200,200,2.84268879546801e-08
62,"WienR 1e-12 + 5 grads",9296.712075,200,200,2.84268879546801e-08
63,"ours 1e-12 (density + 7 grads)",9.624381,1000,1000,0
63,"rtdists precision=3",22.133809,1000,1000,0.0120912751283353
63,"rtdists precision=5",1300.45399,100,100,5.40902280143918e-05
63,"rtdists precision=8",651933.00008,25,50,2.5262154257355e-08
63,"WienR 5e-3 (EMC2 default)",7.639817,1000,1000,0.0126400465202358
63,"WienR 1e-4",24.164826,1000,1000,0.00211349692469187
63,"WienR 1e-8",438.0987965,1000,1000,2.17059259455255e-07
63,"WienR 1e-12",1115.71168,200,200,7.14447834226917e-10
63,"WienR 1e-12 + 5 grads",8446.040795,200,200,7.14447834226917e-10
64,"ours 1e-12 (density + 7 grads)",10.358158,1000,1000,0
64,"rtdists precision=3",24.6503275,1000,1000,0.0215248967441463
64,"rtdists precision=5",1548.03864,100,100,4.47076062850549e-05
64,"rtdists precision=8",748124.52278,25,50,7.51594878556361e-08
64,"WienR 5e-3 (EMC2 default)",5.6844245,1000,1000,0.0221875943414666
64,"WienR 1e-4",12.709426,1000,1000,0.00443224401636755
64,"WienR 1e-8",259.5179255,1000,1000,1.54373456462409e-07
64,"WienR 1e-12",1062.973175,200,200,8.833216380566e-10
64,"WienR 1e-12 + 5 grads",8280.35877,200,200,8.833216380566e-10
65,"ours 1e-12 (density + 7 grads)",10.9785085,1000,1000,0
65,"rtdists precision=3",28.9094895,1000,1000,0.26818324843931
65,"rtdists precision=5",1737.0347,100,100,6.41901690232594e-05
65,"rtdists precision=8",837499.16654,25,50,7.76378167310909e-08
65,"WienR 5e-3 (EMC2 default)",9.789529,1000,1000,0.132792364843894
65,"WienR 1e-4",28.171715,1000,1000,0.00357349657514527
65,"WienR 1e-8",409.155482,1000,1000,3.60950682010142e-07
65,"WienR 1e-12",1168.430915,200,200,1.10979048173476e-09
65,"WienR 1e-12 + 5 grads",8995.15974,200,200,1.10979048173476e-09
66,"ours 1e-12 (density + 7 grads)",11.05852,1000,1000,0
66,"rtdists precision=3",21.007498,1000,1000,0.0288915585210673
66,"rtdists precision=5",1308.00988,100,100,1.38868594435904e-05
66,"rtdists precision=8",633675.95018,25,50,2.19375190235738e-08
66,"WienR 5e-3 (EMC2 default)",10.474188,1000,1000,0.0187232593665031
66,"WienR 1e-4",31.682422,1000,1000,0.0083633257164133
66,"WienR 1e-8",573.9750105,1000,1000,3.5981089663295e-08
66,"WienR 1e-12",1309.46866,200,200,2.43649433961934e-10
66,"WienR 1e-12 + 5 grads",9722.098965,200,200,2.43649433961934e-10
67,"ours 1e-12 (density + 7 grads)",9.7286645,1000,1000,0
67,"rtdists precision=3",65.583108,1000,1000,0.00803700116393102
67,"rtdists precision=5",4111.41686,100,100,9.88092285966191e-05
67,"rtdists precision=8",1909942.71834,25,50,2.08334919760134e-07
67,"WienR 5e-3 (EMC2 default)",15.699105,1000,1000,0.0818619630022951
67,"WienR 1e-4",61.1646815,1000,1000,0.0122343885761942
67,"WienR 1e-8",644.814995,1000,1000,1.18720603903277e-07
67,"WienR 1e-12",1212.71276,200,200,7.65853230833002e-08
67,"WienR 1e-12 + 5 grads",9073.43899,200,200,7.65853230833002e-08
68,"ours 1e-12 (density + 7 grads)",8.8099775,1000,1000,0
68,"rtdists precision=3",28.7196595,1000,1000,0.0820516652403839
68,"rtdists precision=5",1772.16678,100,100,4.34387632334277e-05
68,"rtdists precision=8",831438.2169,25,50,4.78840762596633e-08
68,"WienR 5e-3 (EMC2 default)",26.6746205,1000,1000,0.0477268645950769
68,"WienR 1e-4",98.4939925,1000,1000,0.000273463775536831
68,"WienR 1e-8",755.8271485,1000,1000,1.41330140268625e-06
68,"WienR 1e-12",1084.353035,200,200,6.93965385156758e-08
68,"WienR 1e-12 + 5 grads",8156.126925,200,200,6.93965385156758e-08
69,"ours 1e-12 (density + 7 grads)",7.4050305,1000,1000,0
69,"rtdists precision=3",3.648795,1000,1000,0.999999990609198
69,"rtdists precision=5",217.23112,100,100,0.000424947223891525
69,"rtdists precision=8",102515.43404,25,50,9.11741335984928e-07
69,"WienR 5e-3 (EMC2 default)",25.34538,1000,1000,0.0176637044381791
69,"WienR 1e-4",82.6905425,1000,1000,0.00025976084078505
69,"WienR 1e-8",635.542107,1000,1000,4.96204539679468e-08
69,"WienR 1e-12",921.877825,200,200,3.0288664243372e-08
69,"WienR 1e-12 + 5 grads",6801.36126,200,200,3.0288664243372e-08
70,"ours 1e-12 (density + 7 grads)",11.4672695,1000,1000,0
70,"rtdists precision=3",7.1455825,1000,1000,0.0178569725898275
70,"rtdists precision=5",469.55988,100,100,8.04702241012922e-05
70,"rtdists precision=8",223253.19508,25,50,2.03760054384716e-08
70,"WienR 5e-3 (EMC2 default)",6.0024205,1000,1000,0.00562962752392471
70,"WienR 1e-4",10.7015125,1000,1000,0.00261069113302348
70,"WienR 1e-8",148.2005475,1000,1000,2.0071299122737e-07
70,"WienR 1e-12",919.45042,200,200,1.63524749297039e-11
70,"WienR 1e-12 + 5 grads",7730.4557,200,200,1.63524749297039e-11
71,"ours 1e-12 (density + 7 grads)",9.9915975,1000,1000,0
71,"rtdists precision=3",17.460793,1000,1000,0.00988210163907333
71,"rtdists precision=5",1143.15462,100,100,5.09669827010173e-05
71,"rtdists precision=8",550830.68352,25,50,1.10250017781865e-07
71,"WienR 5e-3 (EMC2 default)",9.306057,1000,1000,0.0165165106230606
71,"WienR 1e-4",27.0667445,1000,1000,0.00217077497877005
71,"WienR 1e-8",473.063166,1000,1000,8.5541445482562e-08
71,"WienR 1e-12",1177.06736,200,200,3.19365867085253e-10
71,"WienR 1e-12 + 5 grads",9018.82166,200,200,3.19365867085253e-10
72,"ours 1e-12 (density + 7 grads)",9.3307185,1000,1000,0
72,"rtdists precision=3",13.1738945,1000,1000,0.00415390282993577
72,"rtdists precision=5",690.16735,100,100,2.32251569078912e-05
72,"rtdists precision=8",334569.4218,25,50,4.84546864853996e-08
72,"WienR 5e-3 (EMC2 default)",8.9407265,1000,1000,0.00610560764202539
72,"WienR 1e-4",16.656127,1000,1000,0.00596534208257637
72,"WienR 1e-8",248.6521055,1000,1000,1.10140779163714e-07
72,"WienR 1e-12",949.710675,200,200,3.89466237038505e-12
72,"WienR 1e-12 + 5 grads",7499.456985,200,200,3.89466237038505e-12
73,"ours 1e-12 (density + 7 grads)",11.0940875,1000,1000,0
73,"rtdists precision=3",30.813017,1000,1000,0.0123267687272708
73,"rtdists precision=5",1979.63908,100,100,3.10662906752857e-05
73,"rtdists precision=8",964558.60114,25,50,6.61622252540184e-08
73,"WienR 5e-3 (EMC2 default)",6.790051,1000,1000,0.0281739892015287
73,"WienR 1e-4",17.7608515,1000,1000,0.00523513172750656
73,"WienR 1e-8",296.2002975,1000,1000,3.35264465189944e-07
73,"WienR 1e-12",1009.87264,200,200,4.52258230865255e-10
73,"WienR 1e-12 + 5 grads",8280.390545,200,200,4.52258230865255e-10
74,"ours 1e-12 (density + 7 grads)",10.2017225,1000,1000,0
74,"rtdists precision=3",44.8258945,1000,1000,0.00980856702519961
74,"rtdists precision=5",2809.39913,100,100,8.52987573393138e-05
74,"rtdists precision=8",1346456.82066,25,50,1.84167734507135e-07
74,"WienR 5e-3 (EMC2 default)",7.4437345,1000,1000,0.0675403726343007
74,"WienR 1e-4",24.4361845,1000,1000,0.0151933899984849
74,"WienR 1e-8",413.540801,1000,1000,5.60886629363821e-08
74,"WienR 1e-12",1132.57334,200,200,4.82595585715728e-09
74,"WienR 1e-12 + 5 grads",8719.747775,200,200,4.82595585715728e-09
75,"ours 1e-12 (density + 7 grads)",8.7806215,1000,1000,0
75,"rtdists precision=3",25.708558,1000,1000,0.00559673297844898
75,"rtdists precision=5",1565.64814,100,100,1.64141917242677e-05
75,"rtdists precision=8",722915.923384615,26,51,5.32595464397545e-08
75,"WienR 5e-3 (EMC2 default)",18.5030745,1000,1000,0.0196250009056215
75,"WienR 1e-4",61.7910795,1000,1000,0.00531653032523938
75,"WienR 1e-8",863.2920435,1000,1000,3.21097908262402e-08
75,"WienR 1e-12",1132.54218,200,200,2.38296671284388e-09
75,"WienR 1e-12 + 5 grads",8458.80102,200,200,2.38296671284388e-09
76,"ours 1e-12 (density + 7 grads)",9.8568715,1000,1000,0
76,"rtdists precision=3",112.3560925,1000,1000,0.00282426112503398
76,"rtdists precision=5",6660.48608,100,100,1.33605016252591e-05
76,"rtdists precision=8",3244827.05612,25,50,2.19627770414732e-08
76,"WienR 5e-3 (EMC2 default)",18.981606,1000,1000,0.0652262847154728
76,"WienR 1e-4",70.3886565,1000,1000,0.0183224940168916
76,"WienR 1e-8",814.191735,1000,1000,7.58433842396045e-08
76,"WienR 1e-12",1210.83783,200,200,1.20780878631876e-08
76,"WienR 1e-12 + 5 grads",9046.058575,200,200,1.20780878631876e-08
77,"ours 1e-12 (density + 7 grads)",10.708544,1000,1000,0
77,"rtdists precision=3",18.629867,1000,1000,0.00830707885159887
77,"rtdists precision=5",1227.47153,100,100,2.9877591546601e-05
77,"rtdists precision=8",625663.68016,25,50,5.28806567423601e-08
77,"WienR 5e-3 (EMC2 default)",9.9178385,1000,1000,0.0225691330610671
77,"WienR 1e-4",31.1935585,1000,1000,0.0144822722849601
77,"WienR 1e-8",558.9459275,1000,1000,4.91866243290673e-08
77,"WienR 1e-12",1201.546,200,200,3.02684544095655e-10
77,"WienR 1e-12 + 5 grads",9112.943925,200,200,3.02684544095655e-10
78,"ours 1e-12 (density + 7 grads)",9.968658,1000,1000,0
78,"rtdists precision=3",73.2280705,1000,1000,0.00345070081652643
78,"rtdists precision=5",4559.18606,100,100,4.59451100527364e-05
78,"rtdists precision=8",2226601.7067,25,50,9.912533660561e-08
78,"WienR 5e-3 (EMC2 default)",16.8461825,1000,1000,0.0678504043135015
78,"WienR 1e-4",67.89641,1000,1000,0.00092407305997888
78,"WienR 1e-8",713.8490525,1000,1000,1.19780787066759e-07
78,"WienR 1e-12",1227.51827,200,200,1.80757213641414e-08
78,"WienR 1e-12 + 5 grads",9048.84022,200,200,1.80757213641414e-08
79,"ours 1e-12 (density + 7 grads)",9.5552755,1000,1000,0
79,"rtdists precision=3",56.8417645,1000,1000,0.00761423739687117
79,"rtdists precision=5",3286.69161,100,100,3.49001301873653e-05
79,"rtdists precision=8",1558653.16116,25,50,7.3732348115918e-08
79,"WienR 5e-3 (EMC2 default)",19.8269645,1000,1000,0.0269831201776721
79,"WienR 1e-4",63.5341125,1000,1000,0.0269831201776721
79,"WienR 1e-8",898.315084,1000,1000,2.69466167157617e-08
79,"WienR 1e-12",1235.69121,200,200,4.41142633533786e-09
79,"WienR 1e-12 + 5 grads",9140.02832,200,200,4.41142633533786e-09
80,"ours 1e-12 (density + 7 grads)",9.2802885,1000,1000,0
80,"rtdists precision=3",102.532841,1000,1000,0.0212063020271145
80,"rtdists precision=5",6159.69568,100,100,6.49035943829368e-05
80,"rtdists precision=8",2990189.07311538,26,50,1.28506487562241e-07
80,"WienR 5e-3 (EMC2 default)",29.782113,1000,1000,0.117425358777909
80,"WienR 1e-4",114.703527,1000,1000,0.117425358777909
80,"WienR 1e-8",1057.927797,1000,1000,3.92699869511404e-07
80,"WienR 1e-12",1229.14351,200,200,1.25363952552249e-08
80,"WienR 1e-12 + 5 grads",8832.72471,200,200,1.25363952552249e-08
81,"ours 1e-12 (density + 7 grads)",9.752219,1000,1000,0
81,"rtdists precision=3",47.8310715,1000,1000,0.00750241496281245
81,"rtdists precision=5",2843.05439,100,100,0.00011831192118239
81,"rtdists precision=8",1428939.0315,25,50,2.55292812445518e-07
81,"WienR 5e-3 (EMC2 default)",23.3487825,1000,1000,0.0888184643920992
81,"WienR 1e-4",87.5871315,1000,1000,0.00211762462928389
81,"WienR 1e-8",839.42416,1000,1000,1.13582126926026e-07
81,"WienR 1e-12",1181.88937,200,200,1.03100610271412e-08
81,"WienR 1e-12 + 5 grads",8741.95563,200,200,1.03100610271412e-08
82,"ours 1e-12 (density + 7 grads)",10.734333,1000,1000,0
82,"rtdists precision=3",34.436064,1000,1000,0.00593668589897689
82,"rtdists precision=5",2105.514,100,100,4.52644122072021e-05
82,"rtdists precision=8",1014987.10956,25,50,9.63190279756887e-08
82,"WienR 5e-3 (EMC2 default)",6.109984,1000,1000,0.0363924605420675
82,"WienR 1e-4",17.1754535,1000,1000,0.0242207328944533
82,"WienR 1e-8",366.647625,1000,1000,9.7705889046118e-08
82,"WienR 1e-12",1311.082625,200,200,2.79645195888634e-10
82,"WienR 1e-12 + 5 grads",9066.25907,200,200,2.79645195888634e-10
83,"ours 1e-12 (density + 7 grads)",11.0127435,1000,1000,0
83,"rtdists precision=3",27.1893755,1000,1000,0.00861221902105724
83,"rtdists precision=5",1619.68778,100,100,1.96223329861356e-05
83,"rtdists precision=8",778711.59698,25,50,4.20583800009311e-08
83,"WienR 5e-3 (EMC2 default)",11.2530035,1000,1000,0.0232944491768868
83,"WienR 1e-4",34.497277,1000,1000,0.0226302929325762
83,"WienR 1e-8",603.0781225,1000,1000,7.83397979819966e-09
83,"WienR 1e-12",1288.777805,200,200,8.7025375794525e-10
83,"WienR 1e-12 + 5 grads",9793.465,200,200,8.7025375794525e-10
84,"ours 1e-12 (density + 7 grads)",10.098956,1000,1000,0
84,"rtdists precision=3",20.3547575,1000,1000,0.0120357178950725
84,"rtdists precision=5",1226.41742,100,100,3.08882142097122e-05
84,"rtdists precision=8",574857.79954,25,50,6.48151962101551e-08
84,"WienR 5e-3 (EMC2 default)",5.742501,1000,1000,0.00895562153420915
84,"WienR 1e-4",13.54804,1000,1000,0.000811586180943125
84,"WienR 1e-8",222.9927475,1000,1000,1.32701565291882e-08
84,"WienR 1e-12",920.35324,200,200,3.41098260747685e-11
84,"WienR 1e-12 + 5 grads",7456.618955,200,200,3.41098260747685e-11
85,"ours 1e-12 (density + 7 grads)",10.80514,1000,1000,0
85,"rtdists precision=3",48.271473,1000,1000,0.852461164931121
85,"rtdists precision=5",2886.63862,100,100,6.82812310210945e-05
85,"rtdists precision=8",1413966.81468,25,50,1.41456786950656e-07
85,"WienR 5e-3 (EMC2 default)",27.948224,1000,1000,0.160479860030535
85,"WienR 1e-4",105.102721,1000,1000,0.0087207971686204
85,"WienR 1e-8",957.7408325,1000,1000,2.05752589632624e-07
85,"WienR 1e-12",1280.324425,200,200,6.21621594198984e-08
85,"WienR 1e-12 + 5 grads",9637.351145,200,200,6.21621594198984e-08
86,"ours 1e-12 (density + 7 grads)",8.8079685,1000,1000,0
86,"rtdists precision=3",40.2240135,1000,1000,0.00503622650373181
86,"rtdists precision=5",2494.36989,100,100,4.36097148044379e-05
86,"rtdists precision=8",1212764.40278,25,50,9.3752241414613e-08
86,"WienR 5e-3 (EMC2 default)",8.721151,1000,1000,0.0115040422308175
86,"WienR 1e-4",29.318772,1000,1000,0.00394719448900338
86,"WienR 1e-8",419.8300165,1000,1000,7.23706421457138e-08
86,"WienR 1e-12",967.389875,200,200,2.41820974355988e-09
86,"WienR 1e-12 + 5 grads",7173.34155,200,200,2.41820974355988e-09
87,"ours 1e-12 (density + 7 grads)",10.2579745,1000,1000,0
87,"rtdists precision=3",82.5377765,1000,1000,0.00358798423026674
87,"rtdists precision=5",5257.84615,100,100,2.62119173858322e-05
87,"rtdists precision=8",2576520.3354,25,50,5.63769604333686e-08
87,"WienR 5e-3 (EMC2 default)",14.9414455,1000,1000,0.0522771613231032
87,"WienR 1e-4",53.6262165,1000,1000,0.0405988429451256
87,"WienR 1e-8",720.942565,1000,1000,5.79479167983621e-08
87,"WienR 1e-12",1300.48515,200,200,3.79488485080515e-09
87,"WienR 1e-12 + 5 grads",9855.498205,200,200,3.79488485080515e-09
88,"ours 1e-12 (density + 7 grads)",11.0169255,1000,1000,0
88,"rtdists precision=3",37.273141,1000,1000,0.0410767322651658
88,"rtdists precision=5",2390.81414,100,100,0.000191431729426483
88,"rtdists precision=8",1195830.34252,25,50,4.06548466669321e-07
88,"WienR 5e-3 (EMC2 default)",5.9826995,1000,1000,0.0498453832286934
88,"WienR 1e-4",13.86661,1000,1000,0.00113028986236874
88,"WienR 1e-8",225.467774,1000,1000,5.74572907030557e-08
88,"WienR 1e-12",982.31408,200,200,1.39993550085649e-09
88,"WienR 1e-12 + 5 grads",7978.483765,200,200,1.39993550085649e-09
89,"ours 1e-12 (density + 7 grads)",10.9465285,1000,1000,0
89,"rtdists precision=3",33.6886955,1000,1000,0.0527156290642734
89,"rtdists precision=5",2056.04094,100,100,0.000201026081265265
89,"rtdists precision=8",960694.6201,25,50,1.10862349633756e-07
89,"WienR 5e-3 (EMC2 default)",32.9268335,1000,1000,0.0407354198209546
89,"WienR 1e-4",111.276993,1000,1000,0.0033018777638758
89,"WienR 1e-8",974.364098,1000,1000,6.95629234215289e-08
89,"WienR 1e-12",1331.40858,200,200,7.0511494421055e-09
89,"WienR 1e-12 + 5 grads",9859.890945,200,200,7.0511494421055e-09
90,"ours 1e-12 (density + 7 grads)",10.1845435,1000,1000,0
90,"rtdists precision=3",52.6336065,1000,1000,0.0240990873072127
90,"rtdists precision=5",3385.6078,100,100,0.000117493238265598
90,"rtdists precision=8",1683471.92232692,26,50,1.30881450122189e-08
90,"WienR 5e-3 (EMC2 default)",34.8332515,1000,1000,0.10246206740988
90,"WienR 1e-4",137.301907,1000,1000,0.000510721593192764
90,"WienR 1e-8",979.9878425,1000,1000,1.2736194010543e-07
90,"WienR 1e-12",1215.63647,200,200,5.47008192075538e-08
90,"WienR 1e-12 + 5 grads",8876.43891,200,200,5.47008192075538e-08
91,"ours 1e-12 (density + 7 grads)",10.49477,1000,1000,0
91,"rtdists precision=3",44.438137,1000,1000,0.00971756101525145
91,"rtdists precision=5",2839.86008,100,100,4.64185017080565e-05
91,"rtdists precision=8",1405905.75138,25,50,9.77503739063579e-08
91,"WienR 5e-3 (EMC2 default)",10.1979505,1000,1000,0.065402796299729
91,"WienR 1e-4",35.8046235,1000,1000,0.000813087613587893
91,"WienR 1e-8",543.675457,1000,1000,3.31649008256107e-08
91,"WienR 1e-12",1240.796735,200,200,5.3909924302431e-09
91,"WienR 1e-12 + 5 grads",9111.599945,200,200,5.3909924302431e-09
92,"ours 1e-12 (density + 7 grads)",11.2376285,1000,1000,0
92,"rtdists precision=3",28.220874,1000,1000,0.0112591022931523
92,"rtdists precision=5",960.02976,100,100,1.86548873566394e-05
92,"rtdists precision=8",430676.9232,25,50,3.88831540298895e-08
92,"WienR 5e-3 (EMC2 default)",13.2139515,1000,1000,0.0269157416539245
92,"WienR 1e-4",22.477061,1000,1000,0.0265796893866004
92,"WienR 1e-8",188.7560255,1000,1000,1.25631014480376e-08
92,"WienR 1e-12",1076.75061,200,200,2.21580531700738e-11
92,"WienR 1e-12 + 5 grads",8704.116115,200,200,2.21580531700738e-11
93,"ours 1e-12 (density + 7 grads)",10.4257465,1000,1000,0
93,"rtdists precision=3",22.285673,1000,1000,0.00762997105343222
93,"rtdists precision=5",1388.04352,100,100,5.53775211497021e-05
93,"rtdists precision=8",663998.39562,25,50,1.19506598950103e-07
93,"WienR 5e-3 (EMC2 default)",4.660593,1000,1000,0.00697650404528272
93,"WienR 1e-4",5.7495735,1000,1000,0.00235370501587684
93,"WienR 1e-8",60.1129905,1000,1000,2.09359181102542e-08
93,"WienR 1e-12",718.763005,200,200,1.2991487885472e-09
93,"WienR 1e-12 + 5 grads",5926.578905,200,200,1.2991487885472e-09
94,"ours 1e-12 (density + 7 grads)",10.376075,1000,1000,0
94,"rtdists precision=3",34.3437935,1000,1000,0.011804590299192
94,"rtdists precision=5",2169.37396,100,100,1.89977562322641e-05
94,"rtdists precision=8",1055903.16042,25,50,4.02064586069173e-08
94,"WienR 5e-3 (EMC2 default)",12.249324,1000,1000,0.0472659572825646
94,"WienR 1e-4",39.9914205,1000,1000,0.00260646246025431
94,"WienR 1e-8",637.828513,1000,1000,2.0456802030111e-08
94,"WienR 1e-12",1278.081315,200,200,2.72124389688599e-09
94,"WienR 1e-12 + 5 grads",9688.88138,200,200,2.72124389688599e-09
95,"ours 1e-12 (density + 7 grads)",11.143882,1000,1000,0
95,"rtdists precision=3",5.483463,1000,1000,0.0769974042897842
95,"rtdists precision=5",362.87747,100,100,5.95595330693532e-05
95,"rtdists precision=8",179571.4925,25,50,8.61166944421399e-08
95,"WienR 5e-3 (EMC2 default)",5.324301,1000,1000,0.0122696828125195
95,"WienR 1e-4",9.4971785,1000,1000,9.51928553417636e-05
95,"WienR 1e-8",149.1157495,1000,1000,6.4437162272668e-09
95,"WienR 1e-12",937.203625,200,200,4.60866900198198e-11
95,"WienR 1e-12 + 5 grads",7687.70705,200,200,4.60866900198198e-11
96,"ours 1e-12 (density + 7 grads)",11.470611,1000,1000,0
96,"rtdists precision=3",39.278902,1000,1000,0.00579308499017617
96,"rtdists precision=5",2367.76968,100,100,2.3315314236827e-05
96,"rtdists precision=8",1172345.53514,25,50,2.92905566467994e-08
96,"WienR 5e-3 (EMC2 default)",9.722371,1000,1000,0.0331421802796256
96,"WienR 1e-4",31.8407435,1000,1000,0.00576947198285582
96,"WienR 1e-8",481.521097,1000,1000,7.2368991577143e-08
96,"WienR 1e-12",1264.02795,200,200,7.2368991577143e-08
96,"WienR 1e-12 + 5 grads",9862.961435,200,200,7.2368991577143e-08
97,"ours 1e-12 (density + 7 grads)",11.0175405,1000,1000,0
97,"rtdists precision=3",41.413034,1000,1000,0.0743649199156744
97,"rtdists precision=5",2493.90782,100,100,0.00114514556643386
97,"rtdists precision=8",1319376.78314,25,50,3.64735087687862e-08
97,"WienR 5e-3 (EMC2 default)",8.4220765,1000,1000,0.0404306693917731
97,"WienR 1e-4",22.483334,1000,1000,0.00158585169601233
97,"WienR 1e-8",409.949529,1000,1000,3.59573946173697e-08
97,"WienR 1e-12",1200.13355,200,200,2.8960700504399e-10
97,"WienR 1e-12 + 5 grads",9091.380795,200,200,2.8960700504399e-10
98,"ours 1e-12 (density + 7 grads)",10.252747,1000,1000,0
98,"rtdists precision=3",66.8155885,1000,1000,0.195002938527233
98,"rtdists precision=5",3992.86782,100,100,8.94306292821279e-05
98,"rtdists precision=8",1883163.32972,25,50,1.89410800266465e-07
98,"WienR 5e-3 (EMC2 default)",23.987911,1000,1000,0.192495992980243
98,"WienR 1e-4",88.4755195,1000,1000,0.00264627597692069
98,"WienR 1e-8",826.7019625,1000,1000,3.33871590374457e-07
98,"WienR 1e-12",1292.43972,200,200,2.29309784938181e-07
98,"WienR 1e-12 + 5 grads",9608.11753,200,200,2.29309784938181e-07
99,"ours 1e-12 (density + 7 grads)",11.1414835,1000,1000,0
99,"rtdists precision=3",40.1385285,1000,1000,0.00787956666060063
99,"rtdists precision=5",2464.8544,100,100,3.11434974753499e-05
99,"rtdists precision=8",1173531.63644,25,50,5.79714920512231e-08
99,"WienR 5e-3 (EMC2 default)",8.285608,1000,1000,0.0287767126134375
99,"WienR 1e-4",24.593604,1000,1000,0.0051377506306598
99,"WienR 1e-8",386.395685,1000,1000,8.42409302315161e-08
99,"WienR 1e-12",1176.5401,200,200,8.42409302315161e-08
99,"WienR 1e-12 + 5 grads",8970.15753,200,200,8.42409302315161e-08
100,"ours 1e-12 (density + 7 grads)",9.5616305,1000,1000,0
100,"rtdists precision=3",8.9850885,1000,1000,0.0761608795795559
100,"rtdists precision=5",119.06687,100,100,4.82053645056713e-05
100,"rtdists precision=8",61528.31542,25,50,5.85452769596984e-08
100,"WienR 5e-3 (EMC2 default)",6.5164785,1000,1000,0.0017817796226135
100,"WienR 1e-4",10.7133615,1000,1000,0.000129892113846841
100,"WienR 1e-8",59.893415,1000,1000,3.25573155102177e-08
100,"WienR 1e-12",636.692895,200,200,2.02016181560793e-12
100,"WienR 1e-12 + 5 grads",5456.513495,200,200,2.02016181560793e-12
