"t","a","v","w","sv","sw","st0","wienr","rtd3"
0.845722502702847,0.6,-1,0.7,0.5,0.05,0.25,0.0421269430943387,0.0421246001550069
2.73217337726383,0.6,0,0.7,0.5,0.05,0.25,1.65008332287803e-13,1.64998178010773e-13
1.48557993655559,1.5,-3,0.7,2,0.2,0.25,0.0544762698835393,0.0544954392129695
1.31681623563636,1.5,-0.2,0.5,0.5,0.05,0.1,0.176981291509244,0.176991263746646
2.1261969905463,0.6,-1,0.3,2,0.05,0.25,2.77636063868815e-10,2.77616107523573e-10
2.13296245941892,1.5,4,0.3,1,0.05,0.1,4.39218315231936e-05,4.39255645419827e-05
0.717668660508934,2.5,1.5,0.3,2,0.4,0.1,0.297839102943313,0.297985900511596
1.21907272652024,2.5,-3,0.5,2,0.4,0.25,0.296040319735246,0.296031108901741
2.0539492610842,1.5,0,0.3,2,0.4,0.25,0.0118462599619328,0.0118484257075157
2.21138885947876,2.5,4,0.5,1,0.2,0.25,9.62783907645284e-05,9.62844747210187e-05
1.86044689776609,1.5,-3,0.7,0.5,0.05,0.1,0.00277063276938932,0.00277081979861148
1.83982054676162,1.5,-0.2,0.7,1,0.4,0.25,0.041451876318141,0.0414651587826609
1.92540429269429,1,1.5,0.7,2,0.2,0.25,0.000480093083415385,0.000480211394223974
1.99388583528344,2.5,-0.2,0.5,0.5,0.05,0.25,0.166404096335086,0.166413168554526
2.91036248855526,0.6,-3,0.3,1,0.4,0.1,1.02006699653393e-16,1.02011871349446e-16
2.79764064528281,2.5,-3,0.5,2,0.4,0.25,0.016192079005932,0.0161942940747646
0.67877500251634,1.5,-1,0.5,0.5,0.05,0.1,1.1861928634101,1.18627236140448
2.42588065871969,0.6,-0.2,0.3,0.5,0.05,0.1,2.710019185854e-12,2.70984004973303e-12
2.9975903798826,1.5,0,0.7,2,0.05,0.1,0.00120839365220128,0.00120847759080887
1.17521103357431,1,-0.2,0.3,1,0.4,0.1,0.0322430091188496,0.0322492527095529
1.02319554978749,1.5,4,0.7,2,0.4,0.1,0.0168980285470925,0.0169013297066026
0.395223182917107,1,4,0.5,0.5,0.2,0.1,0.108685079243739,0.10839286088364
0.730495597887784,2.5,-0.2,0.5,0.5,0.4,0.25,0.361145000300704,0.36105059619589
0.625476689112838,0.6,-3,0.7,2,0.4,0.1,0.137379957407047,0.137403864891306
1.048810772039,0.6,-1,0.3,1,0.05,0.1,0.000371750766647363,0.000371718645887173
2.68388485794421,2.5,4,0.5,2,0.4,0.25,0.00348306640142255,0.00348378479349212
2.11920811877353,0.6,1.5,0.7,2,0.2,0.1,5.86689954087594e-11,5.86762868564267e-11
3.03493574726163,2.5,-3,0.5,2,0.4,0.1,0.0109180822510052,0.0109197895105768
2.00325243409025,1,0.5,0.3,1,0.2,0.25,0.000614354180734388,0.000614501235415032
2.57932906904025,2.5,-0.2,0.5,0.5,0.05,0.25,0.0961929741933053,0.0961981126841315
1.46855707885698,1.5,1.5,0.5,1,0.05,0.1,0.030644176510344,0.0306457459195804
1.45117888185196,2.5,0.5,0.3,1,0.2,0.1,0.121717052470519,0.121749540616472
0.852357396506704,1,1.5,0.7,1,0.2,0.1,0.069822808355279,0.0698332404429572
1.68725660468917,0.6,-0.2,0.5,2,0.05,0.25,1.7999926732882e-07,1.79987065704252e-07
1.1123211833532,1.5,1.5,0.3,2,0.4,0.25,0.0976573415444864,0.0976775610281217
1.34198455936275,2.5,-1,0.3,0.5,0.4,0.1,0.261812112781773,0.261825304486174
2.97426995228743,1.5,1.5,0.7,1,0.4,0.25,0.000716409824555622,0.000716565656947008
0.945741581532639,0.6,0,0.3,0.5,0.2,0.1,0.00199800598728454,0.00199825577081385
2.05859882617369,0.6,-1,0.3,0.5,0.05,0.25,1.14430327681913e-09,1.14420825096081e-09
0.962514488189481,2.5,-1,0.7,0.5,0.2,0.25,0.482695518933,0.48270112795396
1.18033293744083,0.6,0.5,0.3,1,0.05,0.25,0.000246061766475065,0.000246046277528155
2.66952955204761,1,0.5,0.7,1,0.05,0.1,1.33665254945734e-05,1.33671508445651e-05
0.860407080559526,1,4,0.5,1,0.4,0.25,0.00862484951366175,0.00862539487236019
2.03370517872972,2.5,-1,0.7,1,0.4,0.1,0.142524200564762,0.142583637127892
1.58688474163646,1,-1,0.5,0.5,0.4,0.25,0.00873891906346578,0.00874083508549631
1.13948538718978,1.5,0.5,0.3,2,0.2,0.25,0.127585546628846,0.127604016984462
0.491037853329908,1.5,0.5,0.3,0.5,0.05,0.1,1.33174821674053,1.3319124766779
0.655304509098642,0.6,-1,0.3,1,0.05,0.25,0.483679192721128,0.483624201551429
1.27639279421419,1.5,-1,0.3,0.5,0.05,0.25,0.170159421765016,0.17016030191251
2.71189113350119,0.6,0,0.7,0.5,0.4,0.1,4.98601964003839e-14,4.98668519707869e-14
1.02650785149308,0.6,0.5,0.7,2,0.05,0.25,0.00167284721052628,0.00167273121953274
0.978345400129911,1,1.5,0.5,0.5,0.4,0.1,0.0367508740573349,0.03675835074538
2.93744767231401,0.6,-3,0.5,1,0.4,0.25,4.10169204636169e-16,4.10204037226047e-16
3.28000479170587,1,-0.2,0.5,2,0.4,0.1,4.57755160908888e-07,4.5786183257432e-07
2.84052870855667,1.5,-1,0.7,2,0.4,0.1,0.00160825359716925,0.00160876155003131
3.03578782021068,1,-3,0.7,2,0.2,0.1,5.99295994764356e-07,5.99465987978129e-07
1.74024571040645,1.5,4,0.7,0.5,0.05,0.25,1.04224677832595e-06,1.04260165865458e-06
1.01203430361347,1,4,0.3,2,0.4,0.25,0.0140734708714089,0.0140777560111483
0.727053236938082,0.6,-1,0.3,2,0.4,0.1,0.0270418155292414,0.027043024823112
1.17506636158796,2.5,0,0.5,2,0.4,0.25,0.288222549061955,0.288264606285817
2.7575128778466,2.5,1.5,0.5,2,0.2,0.25,0.0215279297715004,0.0215318248209086
0.519958328828216,1.5,4,0.5,1,0.4,0.1,0.032636071354561,0.0326012130500482
2.71834628611105,0.6,4,0.7,0.5,0.05,0.1,1.19638716203063e-19,1.19616889491166e-19
0.657944114331622,1,0.5,0.7,0.5,0.05,0.25,0.517193947913747,0.517214673227
2.61148775500478,0.6,0.5,0.5,0.5,0.2,0.25,8.03110536375054e-13,8.03209421688846e-13
1.24919117076788,2.5,0.5,0.3,2,0.05,0.25,0.161857618281541,0.161864100091727
2.61939789166208,1,1.5,0.7,2,0.4,0.25,1.24267974257928e-05,1.24298740146743e-05
1.94493439268554,0.6,0.5,0.7,1,0.4,0.1,1.25635541035295e-09,1.25650978240079e-09
1.41899307010463,0.6,-3,0.3,1,0.4,0.25,1.42734954670624e-06,1.42729823841945e-06
0.623042902722955,1,-1,0.5,1,0.2,0.1,1.06391872437383,1.06412419513903
2.59127800280694,1.5,-0.2,0.3,0.5,0.05,0.1,0.00694510741146763,0.00694544689965828
2.59441884330008,2.5,-0.2,0.3,2,0.2,0.1,0.0249065143101059,0.0249088250504214
3.01461949341465,0.6,-0.2,0.7,2,0.2,0.25,1.29395422013913e-15,1.2941251235514e-15
3.20053421900375,1,-3,0.5,0.5,0.2,0.1,2.57097750549626e-09,2.57134303830756e-09
1.87000703727826,1.5,-3,0.3,1,0.05,0.25,0.00397645735645298,0.00397628682347612
1.97096798787825,1,-0.2,0.5,1,0.05,0.25,0.00110557815608403,0.00110562631060601
0.832973695930559,1,-1,0.3,1,0.05,0.25,0.348961791212215,0.348962926658506
0.835561013303231,1,1.5,0.7,1,0.2,0.1,0.0764435573513955,0.0764548710461053
2.66968169353204,1,1.5,0.5,1,0.05,0.25,1.09220258123269e-05,1.09225089796807e-05
2.56578458797885,2.5,-1,0.3,2,0.05,0.25,0.0268751799030956,0.0268754931866333
2.66343337767758,0.6,-1,0.5,0.5,0.05,0.25,3.13678407414026e-13,3.13656903272193e-13
2.28034699794371,1,-1,0.7,1,0.2,0.25,0.000168400497830161,0.000168449861200866
1.46540797211928,0.6,0,0.5,1,0.4,0.1,1.42349962863932e-06,1.42367572732641e-06
0.375272553961258,2.5,1.5,0.7,0.5,0.05,0.25,1.04046963067512e-10,9.73530962506518e-11
3.16822218338493,0.6,0.5,0.3,0.5,0.05,0.1,7.54054645843576e-17,7.54010329865152e-17
2.82391763621708,1.5,-0.2,0.3,0.5,0.05,0.1,0.00407547991882409,0.00407568101211269
0.97960356582189,2.5,0.5,0.3,0.5,0.05,0.25,0.297875685741376,0.297914347515824
1.80940499095013,0.6,-3,0.5,2,0.4,0.1,3.12338676085629e-09,3.12374715211287e-09
2.22692055603256,2.5,1.5,0.3,2,0.05,0.25,0.0277060212154036,0.0277070050923283
3.06721960965078,1.5,-0.2,0.7,1,0.4,0.1,0.00169717462443822,0.00169768161899585
0.384644920250867,1,0.5,0.7,2,0.2,0.25,0.101648788406676,0.101491625804715
1.13883860558271,1.5,0,0.3,2,0.05,0.25,0.140109977490374,0.140113193608664
1.63493770011701,0.6,-3,0.3,2,0.4,0.1,2.83183444742019e-08,2.83203562809074e-08
2.79692792947171,1,1.5,0.7,1,0.2,0.1,2.77043211224896e-06,2.77099615682026e-06
2.91928491357248,2.5,1.5,0.3,0.5,0.05,0.1,0.00379481640492232,0.0037951618506044
1.09065343046095,1,4,0.7,0.5,0.4,0.25,0.000127472494760857,0.000127421283412444
1.30685683273477,2.5,0,0.5,1,0.4,0.1,0.237173591156374,0.237222750364839
1.25340154516743,0.6,0.5,0.3,0.5,0.05,0.1,2.45368988919282e-05,2.45354669658491e-05
0.893632003548555,0.6,0,0.7,2,0.2,0.1,0.00275136378260896,0.00275175188149216
2.35593332861317,0.6,-3,0.5,1,0.2,0.25,1.88391840868507e-12,1.88409749443428e-12
2.61069613725413,1.5,1.5,0.5,1,0.05,0.1,0.00192515295318205,0.00192525923843949
2.36229006998474,1.5,0,0.3,2,0.05,0.25,0.00579820053196869,0.00579845374071878
0.966935836931225,2.5,-0.2,0.7,1,0.2,0.25,0.273510296912652,0.2734970505539
2.45023409489077,1.5,-0.2,0.7,1,0.2,0.1,0.00794629510789692,0.0079486711968211
2.13562964719022,0.6,0.5,0.5,1,0.2,0.25,4.81241984598516e-10,4.81299914883536e-10
1.35464965486899,1,0,0.7,1,0.05,0.1,0.014406334924399,0.0144070862844332
0.471452446770854,0.6,1.5,0.5,1,0.2,0.25,1.09606761806991,1.09596642076957
1.53516990275821,1.5,0.5,0.7,1,0.05,0.25,0.065443724018199,0.0654478913166243
0.583225954324007,1,-3,0.3,1,0.4,0.1,0.7796966510268,0.779547129353952
1.27203031885438,1,0,0.5,2,0.05,0.1,0.0172573957790887,0.0172580397503306
1.30897401062539,0.6,-1,0.7,0.5,0.4,0.1,1.20417594502265e-05,1.20439332579457e-05
0.581181048892904,1,0,0.3,1,0.2,0.25,1.84411390488611,1.84492086738549
0.79314832331147,2.5,-3,0.3,2,0.2,0.25,0.886940358448435,0.886987983334168
0.79965395530453,2.5,-1,0.7,2,0.2,0.25,0.647164536122425,0.647206692968378
3.04459962316323,1.5,0.5,0.7,0.5,0.4,0.1,0.0014537380979459,0.00145405922689979
2.42164605223807,1.5,1.5,0.3,1,0.2,0.1,0.00261957477890054,0.00262033538421181
2.7706175500527,2.5,-3,0.3,1,0.2,0.25,0.00328902744226492,0.00328802538673087
2.31341111757793,1,-0.2,0.3,2,0.4,0.25,8.07063239903425e-05,8.07232565534427e-05
0.987746085948311,1.5,-3,0.3,1,0.4,0.1,0.104643925457393,0.104611640826667
1.71603408823721,1,-3,0.5,0.5,0.2,0.1,0.00010452473535015,0.000104533009212739
2.46471649283776,1,-1,0.3,1,0.2,0.1,3.36005321146457e-05,3.36064901144458e-05
2.77545474000508,0.6,0.5,0.5,2,0.05,0.1,1.02271176273544e-14,1.02264483753054e-14
2.7711886840174,1,4,0.3,1,0.2,0.25,3.59271486979659e-08,3.59390668290004e-08
0.939836427813862,2.5,0,0.5,2,0.05,0.1,0.405261397606279,0.405278884929624
2.12334969755029,1.5,-0.2,0.7,1,0.05,0.1,0.018052241701477,0.0180535408393309
1.6180162057397,1,0.5,0.7,2,0.05,0.25,0.00343375172294996,0.00343392861892148
2.23082657877821,0.6,-3,0.3,0.5,0.4,0.1,1.84442865587779e-13,1.84426885814543e-13
1.58907081543002,1,1.5,0.5,1,0.05,0.1,0.00190370745835959,0.00190378644639693
2.94561661488842,2.5,0,0.7,2,0.2,0.1,0.0259321966293007,0.025940738421483
1.2961476900382,2.5,-3,0.3,2,0.2,0.25,0.115931098967362,0.11590768104559
1.28017288912088,1.5,-0.2,0.7,2,0.4,0.25,0.132332494838448,0.132380082069791
1.80603764917469,2.5,4,0.7,0.5,0.4,0.25,3.42755179212262e-07,3.60202278823008e-07
1.34612737240968,1,4,0.5,1,0.4,0.1,0.000114756791241777,0.000114774689734603
1.00721868351102,1.5,0.5,0.7,2,0.05,0.1,0.211711426512201,0.21172594160696
2.79920702272793,0.6,0,0.5,0.5,0.2,0.25,7.91508204410624e-14,7.91606859934156e-14
1.93856551260687,0.6,1.5,0.5,2,0.2,0.25,3.80406285258406e-09,3.80450544731206e-09
0.64115879010642,1,-1,0.7,2,0.2,0.25,1.35437765887647,1.35477219474513
0.673290920373984,1,0,0.5,1,0.05,0.25,0.980698683266667,0.980742993413445
2.04287234159419,2.5,4,0.3,2,0.2,0.1,0.00541581105802306,0.00541711895627146
1.93705623097485,1.5,-0.2,0.7,1,0.4,0.25,0.0324363565756656,0.0324466776048511
1.7881396863726,1,1.5,0.3,0.5,0.2,0.1,0.000393701474452259,0.000393831713269725
1.29172890187474,1.5,4,0.7,2,0.4,0.1,0.00838703006449184,0.00838887523128141
2.35536535003921,0.6,-3,0.3,1,0.05,0.1,3.05261447574126e-13,3.0523172263573e-13
2.89164729535114,1.5,4,0.7,2,0.2,0.1,0.000171381602648553,0.000171422181715433
2.84903067672858,1,0,0.3,0.5,0.2,0.25,1.35325580161201e-05,1.35356856210555e-05
1.13845717763761,1,1.5,0.7,2,0.2,0.1,0.0201403754255798,0.0201453787009843
2.13594004518818,1,-1,0.3,1,0.4,0.1,0.000179280789034522,0.000179311676201272
2.80131443566643,2.5,4,0.3,2,0.2,0.25,0.00262299880261077,0.00262360531121157
2.0954072200926,1.5,0,0.3,1,0.4,0.25,0.0177249456935318,0.0177285787055806
0.936577064415906,2.5,0,0.3,1,0.2,0.25,0.456443391353594,0.456661865449957
2.62930864288937,1,-0.2,0.5,1,0.2,0.1,2.37635638001148e-05,2.37690544855912e-05
0.719119452708401,1,-0.2,0.7,0.5,0.2,0.1,0.461078745241936,0.461201945538841
2.97022222474916,0.6,-1,0.7,1,0.4,0.25,3.14139978343051e-15,3.14178897603078e-15
1.26257294795942,0.6,-3,0.5,0.5,0.4,0.25,1.43434920710487e-05,1.43437206289313e-05
2.26535523036728,1,0.5,0.3,0.5,0.4,0.25,0.000184268009290333,0.000184317868877891
1.12406343902694,0.6,1.5,0.7,1,0.2,0.1,6.31653705013281e-05,6.31698416902465e-05
0.82661200305447,0.6,4,0.3,0.5,0.05,0.1,0.000199518223687269,0.000199483552750186
0.6612455418217,0.6,1.5,0.7,0.5,0.4,0.1,0.0412313179275651,0.0412317035910692
1.64115715795197,0.6,-1,0.7,2,0.2,0.25,2.73071949570389e-07,2.73113140708691e-07
0.463636201189365,0.6,0.5,0.7,1,0.4,0.1,1.21195726179873,1.21215755105848
3.1780970741529,0.6,1.5,0.7,0.5,0.05,0.25,3.96225123046084e-17,3.96191140060483e-17
1.84783929713303,0.6,-3,0.5,1,0.4,0.25,3.16352685575766e-09,3.16382241823847e-09
1.41880647620419,1,0,0.3,0.5,0.4,0.25,0.0170497848176382,0.0170536939253485
2.94446092864964,2.5,0.5,0.7,0.5,0.4,0.25,0.0249953907632379,0.0250009431954612
2.57570152017288,1,1.5,0.3,1,0.05,0.25,1.53695799870553e-05,1.53704261264167e-05
2.5905522972811,1.5,0,0.5,1,0.2,0.1,0.00613251774109619,0.00613394880540442
2.9743213877664,0.6,0,0.7,1,0.4,0.1,9.14493472106644e-16,9.14616929763663e-16
0.882033032423351,2.5,-3,0.5,1,0.05,0.1,0.971598598230785,0.971603672048288
2.67014113531914,1.5,0.5,0.5,1,0.4,0.1,0.00396424103231781,0.00396519274837056
1.96475536420476,1.5,-1,0.7,0.5,0.4,0.1,0.033011489960381,0.0330240118554422
1.81746519686421,2.5,0,0.5,0.5,0.2,0.25,0.1644831753839,0.164521357768291
0.670903874840587,1.5,-1,0.3,2,0.4,0.25,1.07881174986135,1.07908769844144
2.08086423644563,1,-0.2,0.7,1,0.05,0.25,0.000538703855127554,0.000538732677276861
2.99710155463545,1,1.5,0.3,1,0.4,0.1,1.04827919529472e-06,1.04856441433882e-06
0.903667321964167,1.5,1.5,0.5,2,0.4,0.1,0.182155170319932,0.182190336177914
1.91341977114789,1,-0.2,0.3,1,0.2,0.1,0.000726318009300038,0.000726467338335159
2.32633667637128,0.6,0.5,0.7,2,0.4,0.25,1.69599792564981e-11,1.6961787640963e-11
2.65963250623317,0.6,0,0.7,0.5,0.2,0.1,1.07841851668828e-13,1.07856255134769e-13
0.903726126661059,0.6,0.5,0.7,1,0.2,0.25,0.0114270908142965,0.0114284260783952
2.02088253553957,2.5,1.5,0.5,2,0.05,0.25,0.0489059517530066,0.0489077313358303
0.929978250176646,2.5,0,0.5,0.5,0.4,0.1,0.31084736995324,0.310910737570969
1.2568580572959,1.5,-0.2,0.7,2,0.4,0.1,0.110408492738622,0.110447849149678
0.825210910663009,0.6,-3,0.3,1,0.2,0.25,0.0195261414751038,0.0195229988931279
0.640042407508008,1.5,4,0.7,0.5,0.4,0.1,0.00155047917563607,0.00154796720788913
1.10980997930746,2.5,-1,0.5,1,0.4,0.25,0.558946213773483,0.559070791569193
1.35775537670124,2.5,1.5,0.7,1,0.05,0.1,0.0335390371474529,0.0335392532309301
2.86943667513551,2.5,-3,0.3,2,0.05,0.25,0.00896140598386716,0.00896136998678185
0.715593845490366,1.5,0.5,0.7,0.5,0.4,0.1,0.256735976416864,0.256745070048197
1.37643391544698,0.6,-1,0.7,1,0.2,0.1,4.08719511407491e-06,4.08786586102587e-06
1.30642652095994,1.5,0,0.3,1,0.2,0.25,0.127400371209466,0.127423746746432
1.74199721944751,1,0,0.3,1,0.4,0.1,0.00165719750358604,0.00165755528793664
2.86103044223273,2.5,1.5,0.7,1,0.4,0.1,0.00916850308841994,0.00917069909503584
1.299966212851,1,-1,0.3,1,0.05,0.1,0.0158602146892924,0.0158605060149614
1.99656413011253,0.6,-1,0.3,1,0.05,0.25,2.46020158233455e-09,2.46001799363136e-09
2.43185805811081,1,0.5,0.3,2,0.2,0.1,2.79229176279243e-05,2.79290528520728e-05
1.50267531672725,1.5,0.5,0.5,0.5,0.4,0.25,0.0785435746832986,0.0785625972603331
2.78150030517718,1,-0.2,0.5,0.5,0.4,0.1,1.51847051935623e-05,1.51882950391338e-05
3.02426769882441,1,-1,0.5,2,0.2,0.1,1.64863496248907e-06,1.64901322911712e-06
1.58049527665135,0.6,4,0.7,0.5,0.05,0.25,3.76062595513365e-10,3.75972803033782e-10
1.17343942523003,1.5,4,0.5,2,0.4,0.25,0.0183408445378699,0.0183445455914652
2.50791930324631,0.6,1.5,0.7,1,0.2,0.25,9.82750534507211e-13,9.82842952249944e-13
2.88844580528094,2.5,1.5,0.7,1,0.2,0.1,0.00935242426946353,0.00935457197333782
1.36099527956685,1.5,4,0.5,1,0.05,0.25,0.000690017424039791,0.000690019184483192
1.80412042785902,1.5,-3,0.5,1,0.4,0.25,0.0095011370086555,0.00950224864391849
2.86886717587477,1.5,1.5,0.7,0.5,0.2,0.1,0.000256129259569463,0.000256149207890583
1.49239635118283,0.6,0.5,0.3,0.5,0.05,0.1,8.90897888968323e-07,8.90845854080846e-07
2.493197208934,1,0.5,0.5,1,0.2,0.25,6.15295367345983e-05,6.15438085582171e-05
2.36815901569789,1,1.5,0.3,2,0.4,0.1,2.85772373700002e-05,2.85839466572988e-05
2.8443222334492,1,0.5,0.7,0.5,0.2,0.1,6.19039499202455e-06,6.19170506037137e-06
0.446763922390528,0.6,4,0.7,0.5,0.2,0.25,0.107440818311247,0.107358534182499
2.49896214420442,1,-0.2,0.7,0.5,0.2,0.25,8.62796944304052e-05,8.6302505525712e-05
1.75603534813272,1.5,-0.2,0.7,0.5,0.4,0.1,0.052210103753209,0.0522259250754124
2.06658134175232,2.5,-3,0.3,1,0.05,0.1,0.00982265958242833,0.00982149123685744
0.960798893868923,1,0.5,0.5,2,0.4,0.25,0.137457314602656,0.137485350640507
0.435154719941784,1,0.5,0.5,2,0.4,0.25,0.784370096217726,0.784145168744553
3.22112035629107,1,-1,0.3,0.5,0.2,0.25,1.11008330835503e-06,1.11025038639262e-06
1.07993396371603,2.5,4,0.5,1,0.05,0.1,0.00062516252622331,0.000625033450415933
0.703049181646202,0.6,4,0.3,2,0.4,0.25,0.046503567227688,0.0465114874513461
2.37034289019648,1,0,0.3,0.5,0.05,0.25,0.000151665667687342,0.000151672506343383
2.51617367009167,1,-1,0.3,1,0.2,0.25,4.02373647020413e-05,4.02444687412752e-05
1.29892962235026,0.6,0,0.5,1,0.05,0.1,1.55300803127581e-05,1.55290343511467e-05
2.74088096303167,1.5,-1,0.5,1,0.2,0.25,0.00460296660374008,0.00460398306117579
1.50002163037425,0.6,0,0.7,0.5,0.2,0.1,9.58820614130618e-07,9.58949084945514e-07
2.10844120646361,2.5,1.5,0.3,1,0.05,0.25,0.024795229957223,0.0247970227830943
1.35167404722888,1,-1,0.7,0.5,0.2,0.1,0.0197787299218949,0.0197851247162049
2.46825936060632,2.5,1.5,0.5,2,0.2,0.1,0.0269261373299239,0.0269308192040949
3.14439118417213,0.6,-0.2,0.3,2,0.05,0.1,5.08028611517e-17,5.07994945481984e-17
0.590222511265893,1,-1,0.7,2,0.4,0.25,1.44681739572057,1.4471682647804
1.0445409857668,1,-0.2,0.3,0.5,0.05,0.1,0.0807896272989804,0.0807927288804008
1.41951464506565,1,-3,0.7,0.5,0.4,0.1,0.00131480528654763,0.00131535152400521
1.30946045524906,1,-3,0.7,1,0.2,0.25,0.0110498971385596,0.0110537961579483
1.57875346525107,0.6,0,0.5,2,0.4,0.25,7.74056586992193e-07,7.74150069222194e-07
1.84177840214688,0.6,-1,0.5,2,0.2,0.25,1.89369771885145e-08,1.89392528926013e-08
2.17114244481782,2.5,-3,0.7,1,0.4,0.25,0.0378750777227097,0.0378926197888548
2.07697243905859,1.5,0,0.5,1,0.2,0.25,0.0254692131956234,0.0254750167000627
3.00273048734525,1.5,0,0.5,1,0.4,0.25,0.00266891766322227,0.0026695564064385
2.04596303445287,1,-3,0.7,0.5,0.2,0.25,2.10936629773623e-05,2.11013331831794e-05
1.27412261215504,1,-3,0.5,0.5,0.05,0.25,0.0078211053775249,0.00782088324253504
1.76600597485667,1,-0.2,0.5,1,0.2,0.25,0.00315263817473752,0.00315335215645401
2.10708304703003,1,0,0.7,2,0.4,0.1,0.000163327973772731,0.000163371961032579
0.548837317188736,1,1.5,0.5,2,0.05,0.25,0.792133279828123,0.792099165937477
2.51787641206756,2.5,-0.2,0.3,1,0.2,0.1,0.0469480929241798,0.046953563059118
2.24833353894064,1,-3,0.5,2,0.05,0.1,4.32288310517238e-05,4.32305536888414e-05
0.548696805455256,1,-3,0.7,0.5,0.4,0.25,2.42445879408342,2.42492093362239
2.40754295712104,0.6,-0.2,0.7,0.5,0.05,0.1,3.64603204159874e-12,3.64581401761063e-12
1.38031836353475,2.5,0.5,0.5,2,0.2,0.25,0.175227341089022,0.175249775513991
1.27651800498133,1,4,0.7,1,0.4,0.1,0.000110063228331318,0.000110058915800331
3.24783481872873,0.6,0,0.3,1,0.2,0.1,2.14226561849699e-17,2.14253072465582e-17
2.56284293890931,1,0.5,0.5,0.5,0.2,0.1,3.29720217194547e-05,3.2979761473708e-05
2.4293287136592,1,0.5,0.5,2,0.05,0.1,3.6317712288582e-05,3.63192906118368e-05
1.00754365441389,1.5,-1,0.7,0.5,0.4,0.1,0.457004816598511,0.4571813339109
1.10291413661325,0.6,1.5,0.7,2,0.2,0.1,9.38007355033818e-05,9.38116528423206e-05
2.2683230250841,2.5,4,0.7,2,0.05,0.25,0.00493217685142756,0.00493247847005767
2.1709334149491,1.5,1.5,0.5,1,0.4,0.25,0.00629408857624869,0.00629556132155405
1.09736504270695,1.5,-1,0.5,0.5,0.2,0.25,0.451272897968584,0.451361374781948
1.88043428077362,1,-0.2,0.7,1,0.05,0.25,0.00152637091205878,0.00152645305731852
0.474852436606307,0.6,-0.2,0.7,0.5,0.4,0.1,1.3572036306548,1.35745170050984
1.73901750100777,1,-0.2,0.5,2,0.05,0.1,0.00142740569465261,0.00142746375137285
2.93486276578624,1.5,-0.2,0.3,1,0.05,0.25,0.00258819741512088,0.00258832066836885
3.15196785496082,2.5,-0.2,0.5,0.5,0.2,0.1,0.0523145322556659,0.0523260801473357
2.58021225081757,2.5,-1,0.5,1,0.4,0.25,0.0676744082318405,0.0676850527231422
3.08279124586843,1,-1,0.5,2,0.4,0.25,1.81028579723603e-06,1.81070524678119e-06
1.99290412687697,2.5,-0.2,0.3,0.5,0.2,0.1,0.110799199776641,0.110818747135751
2.17707493174821,1,4,0.5,1,0.4,0.25,1.07385024873399e-06,1.07405901215793e-06
3.10015815105289,1.5,-3,0.5,0.5,0.4,0.25,9.34199281161458e-06,9.34273259500867e-06
2.32987143381033,2.5,-0.2,0.5,2,0.05,0.1,0.0512448054457589,0.0512465136302042
0.501404557144269,1.5,1.5,0.7,1,0.4,0.1,0.0899485630271542,0.0898334045188805
0.870492763654329,1,0.5,0.7,2,0.05,0.1,0.134970617210827,0.134977440797575
1.97505054628709,1,0.5,0.7,0.5,0.05,0.1,0.000501938110311925,0.000501957615724316
0.94327545753913,1.5,-3,0.5,1,0.4,0.25,0.457385262216292,0.457381138657316
0.373941751092207,1.5,4,0.3,2,0.2,0.1,0.269331129116612,0.268102617849484
2.48204044514569,1,-0.2,0.3,1,0.2,0.1,3.93435770837217e-05,3.93519251392253e-05
3.08058023734484,0.6,0.5,0.7,0.5,0.2,0.1,2.3485838433895e-16,2.34884523666607e-16
3.08046435537981,0.6,0.5,0.7,1,0.2,0.25,7.87764843619244e-16,7.87860033680179e-16
0.909702423657291,1.5,-0.2,0.7,2,0.4,0.1,0.336084229220369,0.336206700691963
1.39602095602313,1.5,1.5,0.5,1,0.05,0.1,0.0367338015714096,0.0367356656408393
0.632320224714931,1,1.5,0.7,0.5,0.2,0.25,0.233132707124529,0.233088624282481
0.57500403841259,1.5,-0.2,0.3,1,0.05,0.25,1.71949192234267,1.71978290109138
0.911058376927395,2.5,4,0.5,2,0.05,0.25,0.0238871132204275,0.0238862677346656
1.13137329934398,0.6,4,0.5,2,0.05,0.1,1.78965954783701e-05,1.78951876027201e-05
0.710298051708378,1,1.5,0.3,1,0.05,0.25,0.367231737820067,0.367249946899263
0.373341676685959,1.5,-1,0.7,1,0.4,0.1,0.0217401887870138,0.0215612693018358
0.419974507403094,2.5,0.5,0.5,2,0.2,0.25,0.0101021471173069,0.0100121898151876
1.51063989108661,1,0,0.3,1,0.2,0.1,0.00572698848988379,0.00572819546454463
0.82524703075178,1,4,0.5,1,0.2,0.1,0.00540638105191852,0.00540666739091407
1.43955924820621,0.6,-0.2,0.5,0.5,0.05,0.1,2.83578906528908e-06,2.83560804491342e-06
1.647167651169,2.5,0,0.7,0.5,0.2,0.25,0.155804229742928,0.155839370893377
3.29144272938138,1,-0.2,0.7,0.5,0.4,0.1,9.77836478342856e-07,9.78093200960935e-07
2.76678455186775,2.5,4,0.5,1,0.2,0.1,4.06894864716459e-05,4.06938732695796e-05
2.36580350690056,1.5,1.5,0.7,1,0.2,0.25,0.00314079834478689,0.00314144448174386
2.29181374418549,1,1.5,0.7,0.5,0.2,0.25,2.72890515192223e-05,2.72919439088845e-05
2.12119098306866,1.5,-3,0.7,0.5,0.4,0.25,0.00104576375375061,0.00104625980175393
0.665898603666574,0.6,0,0.7,1,0.2,0.1,0.0924184020543736,0.0924312382472872
2.23233393104747,1,4,0.3,2,0.4,0.1,1.14788933829237e-05,1.14819668800654e-05
1.11762305164011,1.5,-1,0.5,2,0.05,0.25,0.24384524162468,0.243851597282528
2.06654949524673,1.5,-3,0.7,1,0.2,0.25,0.00475643811851088,0.00475823462897758
3.2209744328633,1.5,1.5,0.5,1,0.05,0.25,0.00055148152330921,0.000551512509629731
2.82659256547922,0.6,-0.2,0.7,1,0.2,0.1,7.52816977940292e-15,7.52921415418853e-15
2.29455194335897,0.6,4,0.7,0.5,0.2,0.1,1.61583110558168e-16,1.61552534270367e-16
1.53666444664123,0.6,-3,0.5,2,0.05,0.1,1.62528817471176e-07,1.62516468987615e-07
0.639959310286213,2.5,-1,0.5,0.5,0.2,0.25,0.458727814774272,0.458263195123234
1.29243149213726,1,0.5,0.7,2,0.2,0.1,0.0123085325663273,0.012311838131541
3.28759140396724,1,0,0.7,1,0.2,0.1,6.85331370771917e-07,6.85505520593306e-07
2.49255149194505,2.5,-1,0.7,1,0.2,0.1,0.0823536896503095,0.0823827305894631
2.37634451548802,1,-3,0.3,0.5,0.4,0.25,8.07921036889102e-07,8.07841163978865e-07
2.20631489158841,0.6,-0.2,0.3,0.5,0.4,0.1,5.27736214783726e-11,5.2779756212026e-11
2.72008212672081,0.6,-3,0.3,1,0.2,0.25,7.0119327592153e-15,7.01217773122835e-15
1.95242469684454,0.6,-0.2,0.7,1,0.05,0.1,1.44221396693482e-09,1.44212465762745e-09
2.89231039583683,0.6,1.5,0.7,2,0.05,0.25,5.24460624398555e-15,5.24426532475568e-15
3.25337536340812,1,0.5,0.5,1,0.2,0.1,8.36378525036404e-07,8.36573987737183e-07
2.0887439202168,1.5,-1,0.3,0.5,0.05,0.1,0.0158559617351175,0.0158561812238937
0.514503696770407,1.5,-3,0.3,2,0.4,0.25,2.93037757685306,2.92945022017196
1.90519964654231,1.5,4,0.3,0.5,0.05,0.1,1.15183259719169e-06,1.1517824925904e-06
2.17649607621133,2.5,-3,0.5,2,0.2,0.25,0.0394992697181006,0.039501072668844
0.828954160853755,0.6,-1,0.5,2,0.4,0.1,0.00802835722562158,0.00802914263882078
3.12434894654434,0.6,0.5,0.5,2,0.05,0.1,8.0481513190898e-17,8.04762888556775e-17
0.630112748662941,1,-0.2,0.5,1,0.4,0.1,0.78788092228275,0.788054552466425
2.7434065435431,0.6,-0.2,0.7,0.5,0.4,0.1,3.29561961283181e-14,3.29608736846898e-14
3.27973720234586,0.6,-1,0.5,1,0.05,0.25,5.37675320240173e-17,5.37640183045232e-17
2.25077055078,1,-3,0.3,0.5,0.2,0.25,1.9697250824273e-06,1.96944630588327e-06
1.09602068209788,1,-0.2,0.5,0.5,0.2,0.25,0.123336580402039,0.123365312263514
0.962625742843375,1.5,0,0.3,1,0.2,0.25,0.325101883541447,0.325173132339153
2.76706069594948,2.5,-3,0.5,1,0.05,0.1,0.00630682693585248,0.00630675727550902
1.15158774822485,1,-1,0.5,0.5,0.05,0.25,0.0997519232012212,0.0997556080163098
2.80629829908721,2.5,0.5,0.5,0.5,0.4,0.1,0.0339569048095306,0.0339649129213189
1.9455034001614,2.5,4,0.5,1,0.2,0.25,0.000144890036595521,0.000144885323299064
3.14094406060176,1,-3,0.7,2,0.4,0.1,3.26323820215288e-07,3.26417282375462e-07
2.77461129664443,0.6,1.5,0.7,1,0.2,0.25,2.3962039481738e-14,2.39643626939063e-14
3.20199137487216,1,-3,0.7,2,0.4,0.1,2.37474107655743e-07,2.37541927194936e-07
3.07560579064302,0.6,0,0.3,2,0.05,0.25,5.47631485000154e-16,5.47595244128204e-16
2.58847381928936,1.5,1.5,0.3,2,0.05,0.1,0.00199871805155189,0.00199882428574821
1.840240939043,2.5,4,0.3,1,0.4,0.25,0.000256730682997823,0.000256852150743212
2.97066285301698,1,0,0.3,1,0.05,0.25,5.11029628523001e-06,5.11051535597008e-06
0.748910970590077,0.6,0,0.3,1,0.2,0.25,0.115852547299218,0.115865124917473
0.735210866399575,1.5,4,0.3,0.5,0.05,0.25,0.0189273735918566,0.0189251458535585
3.07238777495222,1.5,-0.2,0.7,1,0.2,0.25,0.00215207481240143,0.00215270649110817
2.55671373046935,1,4,0.3,0.5,0.05,0.1,2.08102629404645e-10,2.08113286678116e-10
0.506843794137239,1.5,0,0.5,0.5,0.4,0.1,0.84610295661896,0.846132487575334
2.96985340394313,1,0,0.3,2,0.05,0.1,1.86864018479512e-06,1.86871740886943e-06
0.67368931901874,0.6,4,0.5,0.5,0.05,0.1,0.00356691355540404,0.00356602688690434
2.09855595387053,1,-0.2,0.7,2,0.05,0.25,0.000293359479988019,0.000293375077617159
1.18086485430831,2.5,-3,0.5,0.5,0.2,0.1,0.286564064942949,0.28645642696431
1.34627088567941,2.5,-1,0.3,2,0.2,0.1,0.134009234929145,0.134010798565824
1.81952304393053,2.5,-1,0.7,0.5,0.2,0.1,0.274960312604888,0.275060265863708
2.10272716199979,1.5,0.5,0.5,1,0.4,0.1,0.015156583626433,0.0151601775452814
1.60184454044793,2.5,4,0.3,2,0.05,0.25,0.0107230585960414,0.0107237813242707
1.20832612162922,1.5,-1,0.7,0.5,0.2,0.1,0.283113559453035,0.283217175299175
0.492121309007052,2.5,0.5,0.5,2,0.05,0.1,0.155077512153727,0.154959912685715
1.25955979707651,0.6,-3,0.5,1,0.2,0.25,2.62613681182993e-05,2.62628779907715e-05
2.93683730888879,1,0.5,0.3,2,0.05,0.1,2.1220111056932e-06,2.12210157357141e-06
2.93941331246169,0.6,-3,0.3,0.5,0.4,0.1,2.68305881458102e-18,2.68290846302931e-18
1.06897132445592,0.6,-3,0.3,0.5,0.2,0.25,0.000251582102988565,0.000251533315554403
3.25409822949441,2.5,1.5,0.3,0.5,0.2,0.1,0.00250281177983435,0.00250375578100419
2.96518795131706,1.5,-3,0.3,0.5,0.2,0.1,5.42606624749444e-06,5.42450865127371e-06
0.478947249799967,1.5,1.5,0.5,1,0.4,0.25,0.178418394318676,0.178155203625483
1.455258859077,1,1.5,0.3,0.5,0.05,0.25,0.00427673556724159,0.00427702230316085
0.511388914694544,1,0,0.5,2,0.4,0.25,1.33987767182063,1.33975271961045
2.61469320682809,0.6,0.5,0.7,1,0.2,0.1,1.21063919345214e-13,1.21078981757951e-13
0.791043399518821,2.5,-1,0.3,0.5,0.2,0.1,0.852426941333114,0.85286556624937
3.2022042387398,1.5,4,0.5,2,0.4,0.25,0.000118431961525671,0.000118460230125615
2.19872977528721,1.5,0,0.5,0.5,0.05,0.1,0.0210344232733097,0.0210356437622339
0.663095171563327,0.6,-3,0.5,0.5,0.05,0.25,0.586915767659516,0.586813517989655
0.901775713299867,1.5,0,0.5,1,0.05,0.25,0.496832415082701,0.49685815239536
2.77355026045116,1,0,0.5,1,0.4,0.25,1.65418093156739e-05,1.65456766321592e-05
2.27661836942425,0.6,-3,0.5,1,0.2,0.1,1.32615585941156e-12,1.32629092202709e-12
0.681304338038899,1,-3,0.3,1,0.2,0.25,0.771152658174593,0.771004229838741
2.10080652222969,0.6,0,0.7,2,0.2,0.25,4.40657286058698e-10,4.40715495845917e-10
1.76452927603386,2.5,0,0.5,2,0.05,0.1,0.101964691125,0.101967335342085
1.33358057726873,2.5,0.5,0.3,0.5,0.05,0.25,0.163759306440358,0.163776526150979
1.19465188765898,2.5,1.5,0.5,2,0.2,0.25,0.144891751241283,0.144915219573406
1.21101330018137,1,-3,0.5,0.5,0.05,0.25,0.0133445604301664,0.0133441512547913
0.647860084485728,1.5,-0.2,0.3,1,0.05,0.25,1.26099694991767,1.26113782141072
0.624474439071491,2.5,4,0.7,1,0.4,0.25,9.94208858463064e-05,9.86274202855238e-05
1.20182170330081,0.6,-1,0.5,0.5,0.4,0.25,0.000269452099018756,0.000269483589987581
2.56964075912256,2.5,0,0.5,1,0.05,0.1,0.0618734713867672,0.0618762933658985
3.06105514105875,2.5,0,0.7,1,0.05,0.25,0.0404244082464988,0.0404275689919769
3.25492788227275,0.6,0,0.7,0.5,0.2,0.1,2.94264340042676e-17,2.9430359801678e-17
1.17027648326475,2.5,0.5,0.3,2,0.4,0.25,0.182222802962845,0.182258573085224
1.34845708447974,0.6,0.5,0.3,2,0.2,0.25,1.59393294547901e-05,1.59411422621232e-05
0.499520763463806,1,0.5,0.3,1,0.4,0.25,1.81980286915763,1.82508167815766
0.607653332687914,0.6,1.5,0.5,0.5,0.2,0.25,0.621739549356953,0.621792154601515
1.34514372914564,0.6,0,0.5,0.5,0.4,0.25,3.89897374453451e-05,3.89948221534099e-05
1.09056250863941,1.5,-1,0.5,0.5,0.05,0.1,0.370442594348191,0.370458544873244
1.42037069556536,0.6,1.5,0.5,1,0.4,0.25,5.15308686036871e-06,5.15370024325443e-06
2.53927606664365,1,4,0.7,2,0.05,0.25,3.58952679707584e-06,3.5896705264695e-06
2.43459784528241,0.6,0,0.5,0.5,0.4,0.1,2.80548742021584e-12,2.80584843058975e-12
2.65021181727061,0.6,0,0.5,0.5,0.4,0.1,1.434566027938e-13,1.43475076252655e-13
1.5336833084817,2.5,-0.2,0.7,2,0.05,0.1,0.176315925930473,0.176326568398498
3.28903096822323,1.5,0.5,0.7,0.5,0.4,0.25,0.000999475024342479,0.000999696649456304
1.32647205272224,0.6,1.5,0.7,2,0.05,0.25,1.71924429192112e-05,1.71912540741e-05
0.601362169731874,0.6,1.5,0.3,0.5,0.05,0.25,0.713388324707748,0.713252050673523
2.87067955909297,1,-0.2,0.7,2,0.4,0.1,3.13199183932079e-06,3.13281819292885e-06
1.89293777823914,0.6,4,0.5,2,0.4,0.1,3.3524090402893e-10,3.35281019334476e-10
3.2912516647717,1.5,-3,0.5,0.5,0.4,0.1,3.07198408781301e-06,3.07227021380124e-06
1.59456769153476,1,4,0.5,0.5,0.05,0.25,1.69690785579866e-06,1.69680914349269e-06
1.02445634268224,2.5,0.5,0.5,1,0.4,0.25,0.231388392147298,0.231431959747277
0.655505555018317,1,1.5,0.3,1,0.4,0.25,0.497245215053655,0.497427255003048
3.00169848843943,1.5,-1,0.3,0.5,0.4,0.25,0.0018680167388222,0.00186821821407356
1.09883925650502,0.6,-0.2,0.3,1,0.2,0.25,0.000856600498743681,0.000856690145609209
1.56939885610482,0.6,-3,0.5,1,0.05,0.1,4.5660061355177e-08,4.56557777479885e-08
