"t","a","v","w","sv","sw","wienr","err","p3","p4","p5","p6","p8"
0.545722502702847,0.6,-1,0.7,0.5,0.05,0.004328512233696,1e-13,0.00432885367872966,0.00432873075489559,0.00432853357308953,0.00432851493141011,0.00432851227829091
2.43217337726383,0.6,0,0.7,0.5,0.05,1.87028784378648e-14,1e-13,1.87040950547944e-14,1.87036570602346e-14,1.8702954473252e-14,1.87028880502155e-14,1.8702878596762e-14
1.18557993655559,1.5,-3,0.7,2,0.2,0.0343065098701545,1.00006938893904e-13,0.0343188836896153,0.0343080071076114,0.034306697338168,0.0343065340468908,0.0343065102725361
1.01681623563636,1.5,-0.2,0.5,0.5,0.05,0.15706514979918,1e-13,0.157074581523012,0.157071186037483,0.157065739265402,0.157065224319233,0.157065151031042
1.8261969905463,0.6,-1,0.3,2,0.05,3.03414906381174e-11,1.00000000000013e-13,3.03432910979961e-11,3.03426429167269e-11,3.03416031628658e-11,3.03415048634409e-11,3.03414908732731e-11
1.83296245941892,1.5,4,0.3,1,0.05,3.73144169728853e-05,1.00000020328791e-13,3.73178544321193e-05,3.73166169620098e-05,3.73146318179563e-05,3.73144441335745e-05,3.73144174218681e-05
0.417668660508934,2.5,1.5,0.3,2,0.4,0.258544963923387,1.00333066907388e-13,0.258662301351934,0.258558559629534,0.258546740982082,0.258545191838983,0.258544967737662
0.919072726520244,2.5,-3,0.5,2,0.4,0.202776462379078,4.12638803734444e-13,0.202771415299721,0.202775880580902,0.202776386378573,0.202776452632433,0.202776462215969
1.7539492610842,1.5,0,0.3,2,0.4,0.0085359343606188,1e-13,0.00853757510859742,0.00853612450154875,0.00853595921388226,0.00853593754816654,0.00853593441396354
1.91138885947876,2.5,4,0.5,1,0.2,7.98532324696378e-05,1.00000013552527e-13,7.98585256374829e-05,7.98549205807398e-05,7.9854485396291e-05,7.98544311251053e-05,7.98544232232098e-05
1.56044689776609,1.5,-3,0.7,0.5,0.05,0.00212712875860462,1e-13,0.00212731183516249,0.00212724593628252,0.00212714020309443,0.00212713020542765,0.00212712878251836
1.53982054676162,1.5,-0.2,0.7,1,0.4,0.0297494312885633,1.00006938893904e-13,0.0297589954656928,0.0297505395750794,0.029749576151205,0.0297494498678182,0.0297494315994436
1.62540429269429,1,1.5,0.7,2,0.2,0.000232688687857679,1.00000081315163e-13,0.000232750126703584,0.000232696119988054,0.000232689618399239,0.000232688807864114,0.000232688689854977
1.69388583528344,2.5,-0.2,0.5,0.5,0.05,0.147527199196425,1.00027755575616e-13,0.147535239017768,0.147532344659417,0.147527701679488,0.14752726272016,0.147527200246503
2.61036248855526,0.6,-3,0.3,1,0.4,4.60324884285117e-17,1e-13,4.60411335634385e-17,4.60334902360392e-17,4.60326193737406e-17,4.60325052228389e-17,4.60324887095693e-17
2.49764064528281,2.5,-3,0.5,2,0.4,0.0137391961121988,1.00010408340856e-13,0.0137412141166795,0.0137394300944363,0.0137392266977672,0.0137392000349714,0.0137391961778471
0.37877500251634,1.5,-1,0.5,0.5,0.05,1.02967016726227,1e-13,1.02973580019683,1.02971217135196,1.02967426906935,1.02967068580987,1.02967017583418
2.12588065871969,0.6,-0.2,0.3,0.5,0.05,1.25690623820408e-12,1e-13,1.25698286465707e-12,1.25695527840433e-12,1.25691102717181e-12,1.25690684362281e-12,1.256906248212e-12
2.6975903798826,1.5,0,0.7,2,0.05,0.00106752662704729,1e-13,0.00106760492506133,0.00106757673723552,0.00106753152053565,0.00106752724567988,0.00106752663727369
0.875211033574306,1,-0.2,0.3,1,0.4,0.0245157084825115,1.00003469446952e-13,0.0245209436913284,0.0245163151351791,0.0245157877773239,0.0245157186524343,0.0245157086527094
0.723195549787488,1.5,4,0.7,2,0.4,0.0147949405388039,1.00001734723476e-13,0.0147980141006897,0.0147952967612712,0.0147949871006878,0.0147949465101823,0.0147949406382704
0.0952231829171069,1,4,0.5,0.5,0.2,0.132564133553622,1.00027755575616e-13,0.132458589302136,0.132551376329729,0.132562536437133,0.132563927585453,0.132564130125619
0.430495597887784,2.5,-0.2,0.5,0.5,0.4,0.400016419819385,7.80566714095221e-13,0.400071494464561,0.400022809777652,0.400017255160943,0.400016526957748,0.400016421612393
0.325476689112838,0.6,-3,0.7,2,0.4,0.05224247037361,1e-13,0.0522618020449653,0.0522447105483452,0.052242763184542,0.0522425079279625,0.052242471002092
0.748810772038996,0.6,-1,0.3,1,0.05,0.00016788076031113,1e-13,0.000167889125508562,0.000167886113988937,0.000167881283123624,0.000167880826404867,0.000167880761403703
2.38388485794421,2.5,4,0.5,2,0.4,0.00306714033066823,1.00000433680869e-13,0.00306778288043764,0.00306721479960384,0.0030671500645687,0.00306714157908811,0.00306714035156095
1.81920811877353,0.6,1.5,0.7,2,0.2,2.69598024781435e-11,1.00000000000013e-13,2.69666604819613e-11,2.69606320594392e-11,2.69599063457964e-11,2.69598158733355e-11,2.6959802701083e-11
2.73493574726163,2.5,-3,0.5,2,0.4,0.010273761152166,1.00001734723476e-13,0.0102754064562243,0.0102739518986049,0.0102737860857302,0.0102737643500322,0.0102737612056837
1.70325243409025,1,0.5,0.3,1,0.2,0.000302417503091541,1e-13,0.000302495146357026,0.00030242689535427,0.000302418679050656,0.000302417654747997,0.000302417505615608
2.27932906904025,2.5,-0.2,0.5,0.5,0.05,0.0854982789356122,1e-13,0.0855029026477705,0.0855012381037536,0.0854985679156781,0.0854983154683853,0.0854982795395201
1.16855707885698,1.5,1.5,0.5,1,0.05,0.0269880546033501,1e-13,0.0269895589991854,0.0269890174121417,0.0269881486269342,0.0269880664897796,0.0269880547998397
1.15117888185196,2.5,0.5,0.3,1,0.2,0.113608866261485,1e-13,0.113638230116442,0.11361241843133,0.113609311127199,0.113608923748639,0.113608867348619
0.552357396506704,1,1.5,0.7,1,0.2,0.0526853526063343,1e-13,0.0526944667471785,0.0526864552373488,0.0526854906631901,0.0526853704107362,0.0526853529026548
1.38725660468917,0.6,-0.2,0.5,2,0.05,1.9398223232261e-08,1.00000000013235e-13,1.93994399927126e-08,1.93990019478642e-08,1.93982992769709e-08,1.93982328457946e-08,1.93982233911795e-08
0.812321183353197,1.5,1.5,0.3,2,0.4,0.0670293371718803,1.00013877787808e-13,0.0670433790012605,0.0670309644940946,0.0670295498796805,0.067029364452777,0.0670293376285573
1.04198455936275,2.5,-1,0.3,0.5,0.4,0.240549132375157,1.02442490654175e-13,0.240557663153661,0.240550122080579,0.240549262035114,0.240549149269353,0.240549132963606
2.67426995228743,1.5,1.5,0.7,1,0.4,0.000526927859131941,1e-13,0.000527045129617204,0.000526941448297409,0.000526929635353836,0.000526928086940531,0.000526927862944322
0.645741581532639,0.6,0,0.3,0.5,0.2,0.000925867936776979,1.00000216840435e-13,0.000926101627274266,0.000925896205103735,0.000925871476108182,0.000925868393223377,0.000925867944373774
1.75859882617369,0.6,-1,0.3,0.5,0.05,1.23106504340305e-10,1.00000000000052e-13,1.23112620268313e-10,1.23110418496468e-10,1.23106886576207e-10,1.23106552662408e-10,1.23106505139105e-10
0.662514488189481,2.5,-1,0.7,0.5,0.2,0.547321421510212,1.00111022302463e-13,0.547430020303372,0.547334567722681,0.547323067624196,0.547321633802023,0.547321425043429
0.880332937440835,0.6,0.5,0.3,1,0.05,2.67890068243572e-05,1.00000003388132e-13,2.67907744740258e-05,2.67901381028845e-05,2.6789117298072e-05,2.67890207903846e-05,2.67890070552243e-05
2.36952955204761,1,0.5,0.7,1,0.05,1.02540130147489e-05,1e-13,1.02546700397025e-05,1.02544335047759e-05,1.0254054077297e-05,1.02540182058549e-05,1.0254013100561e-05
0.560407080559526,1,4,0.5,1,0.4,0.00260867045134777,1e-13,0.00260905273565574,0.00260871477934466,0.00260867624670697,0.00260867119552022,0.00260867046479892
1.73370517872972,2.5,-1,0.7,1,0.4,0.132786311050841,1.00277555756156e-13,0.132841862918882,0.13279275139175,0.132787152787268,0.132786418889052,0.132786312721365
1.28688474163646,1,-1,0.5,0.5,0.4,0.0041234325300624,1e-13,0.00412442044989203,0.00412354700988673,0.00412344749358173,0.00412343444920236,0.00412343256218003
0.83948538718978,1.5,0.5,0.3,2,0.2,0.0872808587724389,1e-13,0.0872944327960959,0.087282501109254,0.0872810644065147,0.0872808852920989,0.087280859214012
0.191037853329908,1.5,0.5,0.3,0.5,0.05,0.996511732714046,1e-13,0.996653075431722,0.996602188919261,0.996520565836832,0.99651284938938,0.996511751173357
0.355304509098642,0.6,-1,0.3,1,0.05,0.047120735252214,1e-13,0.0471228670404367,0.0471220995888469,0.0471208684869866,0.0471207520957063,0.0471207355306476
0.976392794214189,1.5,-1,0.3,0.5,0.05,0.118181531901868,1e-13,0.118182810831167,0.118182350500201,0.118181611856208,0.118181542009836,0.118181532068965
2.41189113350119,0.6,0,0.7,0.5,0.4,2.31458056888573e-14,1e-13,2.31518387744981e-14,2.31465047502749e-14,2.31458970615781e-14,2.3145817407817e-14,2.31458058849767e-14
0.726507851493079,0.6,0.5,0.7,2,0.05,0.000171077955329559,1e-13,0.000171089424852162,0.000171085295720411,0.000171078672148372,0.000171078045949423,0.000171077956827563
0.678345400129911,1,1.5,0.5,0.5,0.4,0.0271945344843117,1e-13,0.0272006932043387,0.0271952481989233,0.0271946277738303,0.0271945464492204,0.0271945346846501
2.63744767231401,0.6,-3,0.5,1,0.4,4.23701309038459e-17,1e-13,4.23807033351947e-17,4.23713559810339e-17,4.23702910314191e-17,4.23701514409287e-17,4.23701312475432e-17
2.98000479170587,1,-0.2,0.5,2,0.4,3.50776488871792e-07,1.00000000105879e-13,3.5086439075075e-07,3.5078667442818e-07,3.50777820206332e-07,3.5077665962143e-07,3.50776491729359e-07
2.54052870855667,1.5,-1,0.7,2,0.4,0.00141693163495716,1.00000650521303e-13,0.00141738361795251,0.00141698400978916,0.00141693848079604,0.0014169325129672,0.00141693164965082
2.73578782021068,1,-3,0.7,2,0.2,4.56323451120956e-07,1.00000000211758e-13,4.56460918132315e-07,4.56340079902725e-07,4.56325533126514e-07,4.56323719624801e-07,4.56323455589736e-07
1.44024571040645,1.5,4,0.7,0.5,0.05,4.35587490098753e-07,1.0000000005294e-13,4.35590997577854e-07,4.35617803920697e-07,4.35660803740706e-07,4.35664868957398e-07,4.35665447526622e-07
0.712034303613473,1,4,0.3,2,0.4,0.00622046948125495,1.00000867361738e-13,0.00622244667733672,0.00622069859951933,0.00622049942904457,0.00622047332219373,0.00622046954553149
0.427053236938082,0.6,-1,0.3,2,0.4,0.0118356162958356,1.00001734723476e-13,0.0118379668083789,0.0118358886769964,0.0118356518985153,0.0118356208620437,0.011835616372253
0.87506636158796,2.5,0,0.5,2,0.4,0.227718205860228,1.55400128928795e-13,0.227747992368362,0.227721659034681,0.227718657243231,0.227718263752551,0.227718206829084
2.4575128778466,2.5,1.5,0.5,2,0.2,0.0188550726033369,1e-13,0.018858574567399,0.0188554963285195,0.0188551256574483,0.0188550794454352,0.0188550727172121
0.219958328828216,1.5,4,0.5,1,0.4,0.0229857986523964,1.31044611326081e-13,0.0229723698284907,0.0229842443564175,0.0229855955195531,0.0229857726001366,0.0229857982164008
2.41834628611105,0.6,4,0.7,0.5,0.05,4.61361681966608e-20,1e-13,4.61364854858052e-20,4.61363713017397e-20,4.61361880374085e-20,4.61361707049956e-20,4.61361682381231e-20
0.357944114331622,1,0.5,0.7,0.5,0.05,0.302652147287797,1e-13,0.302667535364551,0.30266199558135,0.302653109021065,0.302652268867356,0.3026521492949
2.31148775500478,0.6,0.5,0.5,0.5,0.2,9.0407294031512e-14,1e-13,9.04303517150476e-14,9.04100831961829e-14,9.04076432483638e-14,9.04073390679248e-14,9.04072947810726e-14
0.949191170767881,2.5,0.5,0.3,2,0.05,0.12515628824516,1e-13,0.12516075814299,0.125159148958893,0.125156567608466,0.125156323562161,0.125156288828973
2.31939789166208,1,1.5,0.7,2,0.4,6.10285290595507e-06,1.00000000847033e-13,6.10446759106017e-06,6.10304000554664e-06,6.10287736137369e-06,6.10285604247247e-06,6.10285295844511e-06
1.64493439268554,0.6,0.5,0.7,1,0.4,5.79224823374208e-10,1.00000000000207e-13,5.79370962219636e-10,5.79241756844698e-10,5.79227036711981e-10,5.79225107244651e-10,5.79224828124774e-10
1.11899307010463,0.6,-3,0.3,1,0.4,1.23555668247139e-07,1.0000000002647e-13,1.23572164192935e-07,1.23557580099307e-07,1.23555918147593e-07,1.23555700298088e-07,1.23555668783515e-07
0.323042902722955,1,-1,0.5,1,0.2,0.776763809726272,1.00111022302463e-13,0.776929106630677,0.776783807726683,0.776766313611687,0.776764132633535,0.776763815095367
2.29127800280694,1.5,-0.2,0.3,0.5,0.05,0.00617920816202715,1e-13,0.00617953259681194,0.00617941579826669,0.00617922843868679,0.00617921072539366,0.00617920820440121
2.29441884330008,2.5,-0.2,0.3,2,0.2,0.0235991414470455,1.00003469446952e-13,0.0236014135656379,0.0235994164073972,0.0235991758752038,0.0235991458871421,0.0235991415210281
2.71461949341465,0.6,-0.2,0.7,2,0.2,1.43778871219456e-16,1e-13,1.43817004097075e-16,1.43783483936254e-16,1.43779448753608e-16,1.43778945700578e-16,1.43778872459059e-16
2.90053421900375,1,-3,0.5,0.5,0.2,1.80849351937008e-09,1.00000000000414e-13,1.80880741861602e-09,1.80853150399564e-09,1.80849827543782e-09,1.80849413273507e-09,1.80849352957854e-09
1.57000703727826,1.5,-3,0.3,1,0.05,0.0025355946916346,1.00000433680869e-13,0.00253552493030446,0.00253555004807456,0.00253559033248763,0.00253559414055657,0.00253559468252201
1.67096798787825,1,-0.2,0.5,1,0.05,0.000541242992415419,1e-13,0.000541276216256932,0.000541264255408399,0.000541245068837968,0.000541243254915744,0.000541242996754704
0.532973695930559,1,-1,0.3,1,0.05,0.155778591270462,1.00027755575616e-13,0.155783322422457,0.155781619243422,0.155778886976537,0.155778628653618,0.155778591888431
0.535561013303231,1,1.5,0.7,1,0.2,0.0576740161997554,1.00013877787808e-13,0.0576839273172283,0.0576752152526019,0.0576741663293276,0.0576740355611073,0.0576740165219884
2.36968169353204,1,1.5,0.5,1,0.05,5.37261412222103e-06,1e-13,5.37294594647574e-06,5.37282648698665e-06,5.37263486053568e-06,5.37261674394845e-06,5.37261416555973e-06
2.26578458797885,2.5,-1,0.3,2,0.05,0.0233118387799121,1.00006938893904e-13,0.023312185466098,0.0233120606710811,0.0233118604509773,0.0233118415197135,0.0233118388253474
2.36343337767758,0.6,-1,0.5,0.5,0.05,3.40358183615853e-14,1e-13,3.40379566657807e-14,3.40371868566236e-14,3.40359520005993e-14,3.40358352561577e-14,3.40358186408607e-14
1.98034699794371,1,-1,0.7,1,0.2,8.10212488139611e-05,1.00000040657581e-13,8.1046303538066e-05,8.10242795802128e-05,8.10216282809467e-05,8.10212977515564e-05,8.10212496284414e-05
1.16540797211928,0.6,0,0.5,1,0.4,6.54171424880277e-07,1.00000000105879e-13,6.5433743005166e-07,6.54190660340108e-07,6.54173939106641e-07,6.54171747341068e-07,6.54171430276822e-07
0.0752725539612584,2.5,1.5,0.7,0.5,0.05,6.95777105307801e-09,1.0000000002068e-13,6.80906598632917e-09,6.86213447292536e-09,6.94835790066882e-09,6.95658015843586e-09,6.95775136477531e-09
2.86822218338493,0.6,0.5,0.3,0.5,0.05,3.49439674213848e-17,1e-13,3.49463603984927e-17,3.49454989011981e-17,3.49441169759609e-17,3.49439863279904e-17,3.49439677339237e-17
2.52391763621708,1.5,-0.2,0.3,0.5,0.05,0.00362684515054722,1.00000867361738e-13,0.00362703716703384,0.00362696803986674,0.00362685715126438,0.00362684666767265,0.00362684517562631
0.67960356582189,2.5,0.5,0.3,0.5,0.05,0.233493953234412,1.00027755575616e-13,0.233522795035727,0.23351241149143,0.233495755720899,0.23349418110338,0.233493957001223
1.50940499095013,0.6,-3,0.5,2,0.4,1.41502060355757e-09,1.00000000000827e-13,1.41537535946109e-09,1.41506171058155e-09,1.41502597657763e-09,1.4150212926716e-09,1.41502061509026e-09
1.92692055603256,2.5,1.5,0.3,2,0.05,0.0240249666323387,1.00003469446952e-13,0.0240258506049185,0.0240255323835468,0.0240250218898257,0.0240249736251888,0.0240249667560424
2.76721960965078,1.5,-0.2,0.7,1,0.4,0.00150314996821164,1e-13,0.00150360387051337,0.00150320256417571,0.00150315684293543,0.00150315084992601,0.00150314998296728
0.0846449202508666,1,0.5,0.7,2,0.2,0.88093930135597,1e-13,0.880636423172863,0.880902697115785,0.88093471883109,0.88093871038319,0.880939291520071
0.838838605582714,1.5,0,0.3,2,0.05,0.095201458529807,1.00013877787808e-13,0.0952045090034577,0.0952034108573436,0.0952016491908524,0.0952014826334194,0.095201458928531
1.33493770011701,0.6,-3,0.3,2,0.4,1.2801866907043e-08,1.00000000009926e-13,1.28045382747448e-08,1.28021764598769e-08,1.28019073682538e-08,1.28018720963772e-08,1.28018669938881e-08
2.49692792947171,1,1.5,0.7,1,0.2,2.12299962138036e-06,1.00000000423516e-13,2.12347010321076e-06,2.12305653531735e-06,2.12300674731354e-06,2.12300054036994e-06,2.1229996366753e-06
2.61928491357248,2.5,1.5,0.3,0.5,0.05,0.00357252014243544,1.00001301042607e-13,0.00357284889150392,0.0035727305441488,0.00357254068983983,0.00357252274003786,0.00357252018537576
0.790653430460952,1,4,0.7,0.5,0.4,2.65687560837094e-05,1.00000013552527e-13,2.65608409332651e-05,2.65678392985224e-05,2.65686362580824e-05,2.65687407156294e-05,2.6568755826511e-05
1.00685683273477,2.5,0,0.5,1,0.4,0.223499230302676,1.0152655665886e-13,0.22354487697586,0.223504520074809,0.22349992149661,0.223499318707516,0.223499231506505
0.953401545167435,0.6,0.5,0.3,0.5,0.05,1.13280217489851e-05,1.00000001694066e-13,1.13288149932832e-05,1.13285294168475e-05,1.1328071324595e-05,1.13280280163055e-05,1.13280218525878e-05
0.593632003548555,0.6,0,0.7,2,0.2,0.00122543448529219,1.00000433680869e-13,0.00122577784170103,0.00122547601991254,0.00122543968563621,0.00122543515594963,0.0012254344964541
2.05593332861317,0.6,-3,0.5,1,0.2,1.86883473104428e-13,1e-13,1.86929067104469e-13,1.86888988573385e-13,1.86884163670824e-13,1.86883562162706e-13,1.86883474586667e-13
2.31069613725413,1.5,1.5,0.5,1,0.05,0.00170584120651138,1e-13,0.00170594202326029,0.00170590572862152,0.00170584750740326,0.00170584200306742,0.00170584121967892
2.06229006998474,1.5,0,0.3,2,0.05,0.00420913194575463,1e-13,0.00420933699494345,0.00420926317666507,0.00420914476118384,0.00420913356587694,0.00420913197253626
0.666935836931225,2.5,-0.2,0.7,1,0.2,0.302224475302868,1e-13,0.302262011365917,0.302229022429409,0.302225044724494,0.302224548739371,0.30222447652508
2.15023409489077,1.5,-0.2,0.7,1,0.2,0.00701863011669553,1.00000867361738e-13,0.00702075267215685,0.00701888688188329,0.00701866226509939,0.00701863426268563,0.00701863018569828
1.83562964719022,0.6,0.5,0.5,1,0.2,5.34965300073708e-11,1.00000000000058e-13,5.35101144658981e-11,5.34981732526473e-11,5.34967357496812e-11,5.34965565407263e-11,5.3496530448973e-11
1.05464965486899,1,0,0.7,1,0.05,0.0109585875585595,1.00003469446952e-13,0.0109593599003528,0.0109590818506679,0.0109586358282332,0.0109585936607874,0.0109585876594332
0.171452446770854,0.6,1.5,0.5,1,0.2,0.454431706430329,1.00111022302463e-13,0.454540791265076,0.454444902515612,0.454433358653951,0.454431919507901,0.454431709976661
1.23516990275821,1.5,0.5,0.7,1,0.05,0.0474331142744417,1e-13,0.0474363255968179,0.0474351695027581,0.0474333149775112,0.0474331396472404,0.0474331146938697
0.283225954324007,1,-3,0.3,1,0.4,0.464837900440668,1.00277555756156e-13,0.464771439353821,0.464830204144184,0.46483689454442,0.464837771431164,0.464837898281614
0.972030318854377,1,0,0.5,2,0.05,0.0129833385133292,1.00001734723476e-13,0.0129840897839176,0.0129838193227833,0.0129833854667943,0.0129833444491677,0.0129833386114522
1.00897401062539,0.6,-1,0.7,0.5,0.4,5.45033092065082e-06,1.00000001694066e-13,5.45204525141131e-06,5.45052956057391e-06,5.45035688439412e-06,5.4503342506159e-06,5.45033097637826e-06
0.281181048892904,1,0,0.3,1,0.2,0.592875109002022,1.00111022302463e-13,0.593015360849415,0.592892074628126,0.592877233181791,0.592875382944828,0.592875113561359
0.49314832331147,2.5,-3,0.3,2,0.2,0.421771373313919,1.00055511151231e-13,0.421713661649891,0.421764394579612,0.42177049957799,0.421771260633986,0.421771371438534
0.49965395530453,2.5,-1,0.7,2,0.2,0.669596903518987,1.17985612998928e-13,0.669714291847008,0.66961111862372,0.669598683550345,0.669597133082722,0.669596907339693
2.74459962316323,1.5,0.5,0.7,0.5,0.4,0.00129436038117216,1e-13,0.00129465113704956,0.00129439407296696,0.00129436478497249,0.00129436094597955,0.00129436039062422
2.12164605223807,1.5,1.5,0.3,1,0.2,0.00231628966674056,1.00000433680869e-13,0.00231697013772583,0.00231637198303604,0.0023162999731878,0.00231629099590227,0.00231628968886228
2.4706175500527,2.5,-3,0.3,1,0.2,0.0026806619722684,1e-13,0.00267992019382417,0.00268057226175461,0.00268065074035981,0.00268066052376194,0.00268066194816161
2.01341111757793,1,-0.2,0.3,2,0.4,3.94125593978737e-05,1.00000020328791e-13,3.94216090942541e-05,3.94136080476639e-05,3.94126964652305e-05,3.94125769773833e-05,3.94125596920733e-05
0.687746085948311,1.5,-3,0.3,1,0.4,0.080917323994228,1.00194289029309e-13,0.0808948759506591,0.080914723706202,0.0809169841439829,0.0809172804229963,0.0809173232829478
1.41603408823721,1,-3,0.5,0.5,0.2,6.92806650352702e-05,1.00000027105054e-13,6.92891667483832e-05,6.92816942704751e-05,6.92807939129635e-05,6.92806816560577e-05,6.92806653118978e-05
2.16471649283776,1,-1,0.3,1,0.2,2.5642929859265e-05,1.00000006776264e-13,2.56479673901331e-05,2.56435392669035e-05,2.56430061607067e-05,2.56429396994169e-05,2.56429300230382e-05
2.47545474000508,0.6,0.5,0.5,2,0.05,4.71641053902741e-15,1e-13,4.71670952095407e-15,4.7166018845727e-15,4.71642922466345e-15,4.71641290125551e-15,4.71641057807648e-15
2.4711886840174,1,4,0.3,1,0.2,1.62578458000362e-08,1e-13,1.62635424421691e-08,1.62585349185443e-08,1.62579320813864e-08,1.62578569272324e-08,1.62578459852301e-08
0.639836427813862,2.5,0,0.5,2,0.05,0.366171691652746,1.00055511151231e-13,0.366186955147203,0.36618146016579,0.366172645589774,0.366171812248999,0.366171693646276
1.82334969755029,1.5,-0.2,0.7,1,0.05,0.0159121766687891,1.00003469446952e-13,0.0159133856257199,0.0159129503934951,0.0159122522266314,0.0159121862207783,0.0159121768266894
1.3180162057397,1,0.5,0.7,2,0.05,0.00163460817924891,1e-13,0.00163472285244902,0.00163468156920658,0.00163461534609745,0.00163460908527844,0.00163460819422611
1.93082657877821,0.6,-3,0.3,0.5,0.4,7.49454158457831e-14,1e-13,7.49518004328701e-14,7.49461560281823e-14,7.49455125991756e-14,7.49454282549395e-14,7.49454160534598e-14
1.28907081543002,1,1.5,0.5,1,0.05,0.00144711071495546,1e-13,0.00144719781187976,0.00144716645637976,0.00144711615835882,0.00144711140310805,0.00144711072633106
2.64561661488842,2.5,0,0.7,2,0.2,0.024482343079088,1e-13,0.02449042768296,0.0244833213074107,0.0244824655621605,0.024482358875064,0.0244823433419844
0.996147690038197,2.5,-3,0.3,2,0.2,0.0823108592481959,1e-13,0.0822954574103559,0.0823089976559063,0.0823106276367405,0.0823108308410531,0.0823108604263797
0.980172889120877,1.5,-0.2,0.7,2,0.4,0.0882253720501782,1.00013877787808e-13,0.088257047996758,0.088229043185904,0.0882258519078921,0.088225433594266,0.0882253730801347
1.50603764917469,2.5,4,0.7,0.5,0.4,1.89277846169852e-07,1.00022314130083e-13,1.9587291936868e-07,1.96101732336022e-07,1.96127812142409e-07,1.96131230774146e-07,1.96131725322041e-07
1.04612737240968,1,4,0.5,1,0.4,8.04886408913457e-05,1e-13,8.05040198002893e-05,8.04904234608309e-05,8.04888738957962e-05,8.04886707753529e-05,8.04886413914689e-05
0.707218683511019,1.5,0.5,0.7,2,0.05,0.18109875462678,1.00027755575616e-13,0.181112512701767,0.181107559919995,0.181099614503225,0.181098863296177,0.181098756382362
2.49920702272793,0.6,0,0.5,0.5,0.2,8.97450103681392e-15,1e-13,8.97679581493291e-15,8.97477862325438e-15,8.9745357919645e-15,8.97450551897822e-15,8.97450111141268e-15
1.63856551260687,0.6,1.5,0.5,2,0.2,4.15421736686968e-10,1.00000000000362e-13,4.1552659321972e-10,4.15434420730688e-10,4.15423324792001e-10,4.1542194149543e-10,4.15421740095695e-10
0.34115879010642,1,-1,0.7,2,0.2,0.560256078002921,1e-13,0.560447354661731,0.560279221653859,0.560258975778279,0.560256451702322,0.560256084210322
0.373290920373984,1,0,0.5,1,0.05,0.464909082018607,1e-13,0.464936469908079,0.46492661010465,0.464910793720189,0.464909298411191,0.464909085595706
1.74287234159419,2.5,4,0.3,2,0.2,0.00511187608008417,1e-13,0.00511310642058669,0.0051120249491683,0.00511189472994622,0.00511187849547639,0.00511187613182619
1.63705623097485,1.5,-0.2,0.7,1,0.4,0.0233332184089934,1e-13,0.0233406703355693,0.0233340819265071,0.0233333312781788,0.0233332328849761,0.0233332186512451
1.4881396863726,1,1.5,0.3,0.5,0.2,0.000294149733556667,1e-13,0.000294252980074521,0.000294162223062964,0.00029415129730793,0.000294149935224398,0.000294149736913095
0.99172890187474,1.5,4,0.7,2,0.4,0.00734653749663865,1.00000867361738e-13,0.00734820433036539,0.00734673066476469,0.00734656274564871,0.00734654073494409,0.00734653755083182
2.05536535003921,0.6,-3,0.3,1,0.05,1.36244288235021e-13,1e-13,1.36250066132259e-13,1.36247986074519e-13,1.36244649349851e-13,1.36244333887041e-13,1.36244288989679e-13
2.59164729535114,1.5,4,0.7,2,0.2,0.000151859347912207,1.00000027105054e-13,0.000151895927603591,0.00015186377301189,0.000151859901959767,0.00015185941936447,0.000151859349101402
2.54903067672858,1,0,0.3,0.5,0.2,6.77882942303063e-06,1e-13,6.78050952622643e-06,6.77903265799015e-06,6.7788548690544e-06,6.77883270465272e-06,6.77882947764786e-06
0.838457177637611,1,1.5,0.7,2,0.2,0.0151428077176634,1e-13,0.0151468697746788,0.0151432991108666,0.0151428692428792,0.0151428156522094,0.0151428078497199
1.83594004518818,1,-1,0.3,1,0.4,0.000136482337338653,1.00000081315163e-13,0.00013650853982274,0.000136485373726299,0.00013648273422199,0.000136482388240775,0.000136482338190521
2.50131443566643,2.5,4,0.3,2,0.2,0.0023088135262347,1e-13,0.00230934893843146,0.00230887830332001,0.00230882163680619,0.00230881457220993,0.00230881354364392
1.7954072200926,1.5,0,0.3,1,0.4,0.0129412133879266,1.00001734723476e-13,0.0129439477368798,0.0129415302486824,0.0129412548044916,0.0129412186997923,0.0129412134768229
0.636577064415906,2.5,0,0.3,1,0.2,0.342999671599895,1.00055511151231e-13,0.343129519765948,0.343015375048239,0.343001637693172,0.342999925154326,0.342999675819894
2.32930864288937,1,-0.2,0.5,1,0.2,1.82074805201691e-05,1e-13,1.8212008161444e-05,1.82080282162681e-05,1.82075490945327e-05,1.8207489363798e-05,1.82074806673573e-05
0.419119452708401,1,-0.2,0.7,0.5,0.2,0.355646120865467,1e-13,0.35574787149979,0.355658429158538,0.355647661923961,0.355646319606562,0.355646124173138
2.67022222474916,0.6,-1,0.7,1,0.4,3.47131739142365e-16,1e-13,3.47229650317513e-16,3.47143084171554e-16,3.47133222024215e-16,3.47131929328542e-16,3.47131742325149e-16
0.962572947959416,0.6,-3,0.5,0.5,0.4,8.78194820342552e-07,1.00000000105879e-13,8.78382260178229e-07,8.78216543652697e-07,8.78197659812483e-07,8.78195184518303e-07,8.78194826437193e-07
1.96535523036728,1,0.5,0.3,0.5,0.4,9.16509624120653e-05,1.00000027105054e-13,9.16772367319796e-05,9.16540068465545e-05,9.16513603430623e-05,9.16510134484829e-05,9.16509632661809e-05
0.824063439026941,0.6,1.5,0.7,1,0.2,2.86401968776659e-05,1.00000003388132e-13,2.86461252377343e-05,2.86409140372056e-05,2.86402866700595e-05,2.86402084576631e-05,2.86401970703934e-05
0.52661200305447,0.6,4,0.3,0.5,0.05,6.23294157189992e-05,1.00000027105054e-13,6.23354998976568e-05,6.23333096128416e-05,6.23297959851238e-05,6.23294637921851e-05,6.23294165136784e-05
0.3612455418217,0.6,1.5,0.7,0.5,0.4,0.0181379378960573,1.00003469446952e-13,0.0181407454870693,0.0181382632671619,0.0181379804253433,0.0181379433506406,0.0181379379873383
1.34115715795197,0.6,-1,0.7,2,0.2,2.89664426544927e-08,1.00000000013235e-13,2.89745575446943e-08,2.89674242690112e-08,2.8966565557351e-08,2.89664585045382e-08,2.89664429182873e-08
0.163636201189365,0.6,0.5,0.7,1,0.4,0.575583567482293,1e-13,0.575724232669854,0.575599867034705,0.575585697966897,0.575583840726553,0.575583572055052
2.8780970741529,0.6,1.5,0.7,0.5,0.05,4.22196249840281e-18,1e-13,4.22216480296363e-18,4.22209197221534e-18,4.22197514215657e-18,4.22196409682106e-18,4.2219625248258e-18
1.54783929713303,0.6,-3,0.5,1,0.4,2.95139791259349e-10,1e-13,2.95211459377758e-10,2.95148096018676e-10,2.95140876762636e-10,2.95139930480103e-10,2.95139793589279e-10
1.11880647620419,1,0,0.3,0.5,0.4,0.00851083028029002,1.00001734723476e-13,0.00851292631416061,0.00851107315486604,0.00851086202593643,0.00851083435181147,0.00851083034842871
2.64446092864964,2.5,0.5,0.7,0.5,0.4,0.0224122516776062,1e-13,0.0224172797595363,0.0224128343410971,0.0224123278370098,0.0224122614454018,0.0224122518410701
2.27570152017288,1,1.5,0.3,1,0.05,7.52736913642501e-06,1.00000000847033e-13,7.52791336023843e-06,7.52771743444413e-06,7.52740314908542e-06,7.5273734362873e-06,7.52736920750433e-06
2.2905522972811,1.5,0,0.5,1,0.2,0.00543342376318154,1.00000867361738e-13,0.00543471433196132,0.00543357988562527,0.00543344331060266,0.00543342628409788,0.00543342380513813
2.6743213877664,0.6,0,0.7,1,0.4,4.2288146640393e-16,1e-13,4.229928140032e-16,4.22894368411797e-16,4.22883152796115e-16,4.22881682691213e-16,4.22881470023486e-16
0.582033032423351,2.5,-3,0.5,1,0.05,0.781159313769901,1.00222044604925e-13,0.781157440894854,0.781158115911549,0.781159196913997,0.78115929899847,0.781159313525728
2.37014113531914,1.5,0.5,0.5,1,0.4,0.00351717024918881,1.00000433680869e-13,0.00351802842308081,0.00351726969211713,0.00351718324722417,0.00351717191624593,0.0035171702770877
1.66475536420476,1.5,-1,0.7,0.5,0.4,0.0287842227457531,1.00003469446952e-13,0.028795255504357,0.0287855012259225,0.0287843898544586,0.0287842441782073,0.0287842231044244
1.51746519686421,2.5,0,0.5,0.5,0.2,0.146586500414714,1.00027755575616e-13,0.146620278233206,0.146590586636273,0.146587012033716,0.146586566395098,0.1465865015127
0.370903874840587,1.5,-1,0.3,2,0.4,0.49057818976279,1.00111022302463e-13,0.490622391557289,0.490583312383466,0.490578859341906,0.490578275639142,0.490578191199534
1.78086423644563,1,-0.2,0.7,1,0.05,0.00026327936513657,1.00000054210109e-13,0.000263298023407979,0.000263291306257048,0.000263280531234483,0.000263279512554059,0.000263279367573477
2.69710155463545,1,1.5,0.3,1,0.4,8.02588614791626e-07,1e-13,8.02820706465113e-07,8.02615507710587e-07,8.02592129905899e-07,8.02589065620692e-07,8.02588622336436e-07
0.603667321964167,1.5,1.5,0.5,2,0.4,0.156882745955948,1e-13,0.156914346279071,0.156886408439957,0.156883224684471,0.15688280735524,0.156882746983493
1.61341977114789,1,-0.2,0.3,1,0.2,0.000555322311850223,1.00000108420217e-13,0.000555446742743074,0.00055533736423603,0.000555324196491162,0.000555322554901264,0.000555322315895413
2.02633667637128,0.6,0.5,0.7,2,0.4,1.86680669886395e-12,1e-13,1.86729812890113e-12,1.86686364180977e-12,1.86681414175094e-12,1.86680765344751e-12,1.8668067148391e-12
2.35963250623317,0.6,0,0.7,0.5,0.2,5.00593175930463e-14,1e-13,5.00723513452483e-14,5.00608942087193e-14,5.00595149928089e-14,5.00593430505143e-14,5.00593180167432e-14
0.603726126661059,0.6,0.5,0.7,1,0.2,0.00123538223708244,1.00000433680869e-13,0.00123568862740636,0.00123541929998655,0.00123538687754413,0.00123538283553516,0.00123538224704261
1.72088253553957,2.5,1.5,0.5,2,0.05,0.0421430454377626,1.00006938893904e-13,0.0421446771755699,0.0421440897732129,0.04214314742671,0.0421430583306256,0.0421430456502158
0.629978250176646,2.5,0,0.5,0.5,0.4,0.301340257307775,1.58120175339127e-13,0.301406965443459,0.301347988538051,0.301341267864082,0.301340386916532,0.301340259476832
0.956858057295904,1.5,-0.2,0.7,2,0.4,0.0945727756204914,1.00013877787808e-13,0.094606853052531,0.0945767251117533,0.0945732918627958,0.0945728418310878,0.094572776728543
0.525210910663009,0.6,-3,0.3,1,0.2,0.00130047025128687,1e-13,0.00130055549711157,0.00130048057043088,0.00130047154340513,0.00130047041792544,0.00130047025406027
0.340042407508008,1.5,4,0.7,0.5,0.4,0.00107883345395265,1.00578530279238e-13,0.00107743087859133,0.00107867398304288,0.00107881596358315,0.00107883451040281,0.00107883716978838
0.809809979307465,2.5,-1,0.5,1,0.4,0.453777707167653,1.08659739592076e-13,0.453859964513529,0.453787240065904,0.453778953215404,0.45377786697923,0.453777709842172
1.05775537670124,2.5,1.5,0.7,1,0.05,0.0328077305470694,1.00006938893904e-13,0.0328081288659638,0.0328079856998299,0.032807755907574,0.0328077341739707,0.0328077310806783
2.56943667513551,2.5,-3,0.3,2,0.05,0.00774580405373007,1.00000867361738e-13,0.0077458061523091,0.00774580540259843,0.00774580418636184,0.00774580407050937,0.00774580405400893
0.415593845490366,1.5,0.5,0.7,0.5,0.4,0.242165142195068,1.02137179322403e-13,0.242186814460176,0.242167655742236,0.242165470768903,0.242165184335487,0.242165142898867
1.07643391544698,0.6,-1,0.7,1,0.2,1.85069494032465e-06,1.00000000423516e-13,1.85124598075234e-06,1.85076159633413e-06,1.85070328597191e-06,1.85069601661276e-06,1.85069495823754e-06
1.00642652095994,1.5,0,0.3,1,0.2,0.0914347800903691,1e-13,0.0914520802276072,0.0914368730490943,0.0914350421427054,0.0914348138857552,0.0914347806528383
1.44199721944751,1,0,0.3,1,0.4,0.00126672362101778,1.00000433680869e-13,0.00126702030668543,0.00126675799979204,0.00126672811460996,0.00126672419734133,0.00126672363066282
2.56103044223273,2.5,1.5,0.7,1,0.4,0.00875142716706115,1e-13,0.00875353400104279,0.00875167132434151,0.00875145908083242,0.00875143126015301,0.00875142723555898
0.999966212850995,1,-1,0.3,1,0.05,0.0119560103815913,1e-13,0.0119564761487849,0.0119563084727706,0.0119560394920855,0.0119560140617332,0.0119560104424265
1.69656413011253,0.6,-1,0.3,1,0.05,2.67907373995969e-10,1.00000000000052e-13,2.67922146908719e-10,2.67916828544714e-10,2.67908297273661e-10,2.67907490716287e-10,2.67907375925425e-10
2.13185805811081,1,0.5,0.3,2,0.2,2.13458432197646e-05,1e-13,2.13509223178387e-05,2.13464576315608e-05,2.1345920147389e-05,2.13458531406656e-05,2.13458433848818e-05
1.20267531672725,1.5,0.5,0.5,0.5,0.4,0.0579395424370884,1.00006938893904e-13,0.0579538086531717,0.0579411955531202,0.0579397585131651,0.0579395701498246,0.0579395429008735
2.48150030517718,1,-0.2,0.5,0.5,0.4,1.16827143874392e-05,1.00000003388132e-13,1.16856742721563e-05,1.1683057357708e-05,1.16827592163673e-05,1.16827201369497e-05,1.16827144836597e-05
2.72426769882441,1,-1,0.5,2,0.2,1.26122951283475e-06,1.00000000423516e-13,1.26154144194245e-06,1.26126724619702e-06,1.26123423724797e-06,1.2612301221143e-06,1.26122952297519e-06
1.28049527665135,0.6,4,0.7,0.5,0.05,1.77830151792683e-11,1e-13,1.77828536652279e-11,1.77829118329442e-11,1.77830050904025e-11,1.77830139038776e-11,1.77830151581843e-11
0.873439425230026,1.5,4,0.5,2,0.4,0.0127973417968051,1.00001734723476e-13,0.0128000941514758,0.0127976607749693,0.0127973834905948,0.0127973471442344,0.0127973418862972
2.20791930324631,0.6,1.5,0.7,1,0.2,1.08508043539622e-13,1e-13,1.08532928423254e-13,1.08511053797656e-13,1.08508420439428e-13,1.0850809214615e-13,1.08508044348586e-13
2.58844580528094,2.5,1.5,0.7,1,0.2,0.00892854742760588,1.00001734723476e-13,0.00893061011240784,0.00892879697532752,0.00892857867272079,0.00892855145710938,0.00892854749466878
1.06099527956685,1.5,4,0.5,1,0.05,0.000412749798237731,1.00000054210109e-13,0.000412758277496404,0.000412755229249775,0.000412750337825517,0.000412749875276601,0.000412749809444201
1.50412042785902,1.5,-3,0.5,1,0.4,0.00582574726080238,1e-13,0.00582656735394605,0.00582584235856704,0.00582575969192096,0.00582574885519437,0.00582574728751642
2.56886717587477,1.5,1.5,0.7,0.5,0.2,0.000224757089337019,1.00000027105054e-13,0.00022477595933283,0.00022475937308415,0.000224757375290411,0.000224757126214994,0.000224757089950767
1.19239635118283,0.6,0.5,0.3,0.5,0.05,4.11578398855775e-07,1.00000000105879e-13,4.11607116051358e-07,4.11596777553707e-07,4.11580193602383e-07,4.11578625746642e-07,4.11578402606443e-07
2.193197208934,1,0.5,0.5,1,0.2,3.04396493104558e-05,1.00000010164395e-13,3.04472420344007e-05,3.04405677786746e-05,3.04397643073562e-05,3.04396641409227e-05,3.04396495572846e-05
2.06815901569789,1,1.5,0.3,2,0.4,2.18413955923999e-05,1e-13,2.18469145661354e-05,2.18420351021071e-05,2.1841479181536e-05,2.18414063130834e-05,2.18413957718155e-05
2.5443222334492,1,0.5,0.7,0.5,0.2,4.76300558062402e-06,1.00000000847033e-13,4.76409522330234e-06,4.76313739217068e-06,4.76302208411422e-06,4.76300770898134e-06,4.76300561604671e-06
0.146763922390528,0.6,4,0.7,0.5,0.2,0.0606068382814994,1e-13,0.0605983866553334,0.0606058166236805,0.0606067103754157,0.0606068217863725,0.0606068380069449
2.19896214420442,1,-0.2,0.7,0.5,0.2,4.30044073149394e-05,1.00000006776264e-13,4.3016473144809e-05,4.30058668460398e-05,4.30045900551436e-05,4.30044308818485e-05,4.30044077071682e-05
1.45603534813272,1.5,-0.2,0.7,0.5,0.4,0.0463380211589423,1e-13,0.0463522146280265,0.0463396658037259,0.0463382361268826,0.0463380487292868,0.0463380216200457
1.76658134175232,2.5,-3,0.3,1,0.05,0.00887125350739906,1e-13,0.00887025713409867,0.00887061584653609,0.0088711912558291,0.00887124565532258,0.00887125339756165
0.660798893868923,1,0.5,0.5,2,0.4,0.0623283574528965,1.00006938893904e-13,0.0623428490387249,0.0623300367847077,0.0623285769574968,0.0623283856057903,0.0623283579245092
0.135154719941784,1,0.5,0.5,2,0.4,1.40562774576873,1.11768364061027e-13,1.40594874187065,1.40566494363709,1.40563260787122,1.4056283693559,1.40562775620472
2.92112035629107,1,-1,0.3,0.5,0.2,5.40043355808128e-07,1e-13,5.40135451469944e-07,5.40054497381873e-07,5.40044750805714e-07,5.40043535712928e-07,5.40043358802337e-07
0.77993396371603,2.5,4,0.5,1,0.05,0.000560391729206226,1.00000108420217e-13,0.000560296649844771,0.000560330498691085,0.000560384790368249,0.000560389922804296,0.000560390653257703
0.403049181646202,0.6,4,0.3,2,0.4,0.00362737546225284,1.00000433680869e-13,0.0036285680829917,0.0036275136580093,0.00362739352558236,0.00362737777895648,0.00362737550102391
2.07034289019648,1,0,0.3,0.5,0.05,7.59016009806897e-05,1.00000013552527e-13,7.59062844817162e-05,7.5904598378084e-05,7.59018936885017e-05,7.59016379846579e-05,7.59016015923884e-05
2.21617367009167,1,-1,0.3,1,0.2,1.96471670406323e-05,1e-13,1.96510470274206e-05,1.96476364153041e-05,1.96472258091052e-05,1.96471746196589e-05,1.96471671667723e-05
0.998929622350261,0.6,0,0.5,1,0.05,7.12762246612711e-06,1.00000000847033e-13,7.12807177362657e-06,7.12791001871755e-06,7.12765054677538e-06,7.12762601606784e-06,7.12762252480978e-06
2.44088096303167,1.5,-1,0.5,1,0.2,0.00332273029097029,1e-13,0.00332348415920786,0.00332282149133459,0.00332274170983009,0.00332273176359456,0.00332273031547973
1.20002163037425,0.6,0,0.7,0.5,0.2,4.44564146507622e-07,1.00000000211758e-13,4.4468021873846e-07,4.44578187082906e-07,4.44565904454331e-07,4.44564373219482e-07,4.44564150280832e-07
1.80844120646361,2.5,1.5,0.3,1,0.05,0.0215351964975245,1e-13,0.0215367398349925,0.0215361842439188,0.0215352929839121,0.0215352087212779,0.0215351967288261
1.05167404722888,1,-1,0.7,0.5,0.2,0.0148579260990338,1e-13,0.0148630184294491,0.0148585421022036,0.014858003225766,0.0148579360456102,0.0148579262645777
2.16825936060632,2.5,1.5,0.5,2,0.2,0.0255127118412575,1.00003469446952e-13,0.0255172155365439,0.0255132567944083,0.0255127800744871,0.0255127206409088,0.0255127119876903
2.84439118417213,0.6,-0.2,0.3,2,0.05,2.34597922934085e-17,1e-13,2.34612506745079e-17,2.34607256434267e-17,2.34598834386954e-17,2.34598038159465e-17,2.34597924838825e-17
0.290222511265893,1,-1,0.7,2,0.4,0.744120560187587,1.00111022302463e-13,0.744402516945233,0.744153241032689,0.744124831977328,0.744121108066168,0.744120569356497
0.744540985766798,1,-0.2,0.3,0.5,0.05,0.0620350725769549,1.00006938893904e-13,0.0620385254192431,0.0620372823694737,0.062035288372837,0.0620350998577569,0.062035073027912
1.11951464506565,1,-3,0.7,0.5,0.4,0.000850864948685529,1e-13,0.000851256023587077,0.00085091027626893,0.000850870873547298,0.0008508657085787,0.000850864961402598
1.00946045524906,1,-3,0.7,1,0.2,0.00402378234487913,1e-13,0.00402533149409303,0.0040239697703142,0.00402380581194579,0.00402378537129458,0.00402378239524891
1.27875346525107,0.6,0,0.5,2,0.4,8.30730147414714e-08,1e-13,8.30939744942499e-08,8.30754434181112e-08,8.30733321888784e-08,8.30730554555199e-08,8.30730154228338e-08
1.54177840214688,0.6,-1,0.5,2,0.2,2.04178846096465e-09,1.00000000001654e-13,2.04230165589508e-09,2.04185054016648e-09,2.04179623359116e-09,2.04178946335411e-09,2.04178847764789e-09
1.87114244481782,2.5,-3,0.7,1,0.4,0.0277449570000551,1.01949829186998e-13,0.0277580119049415,0.0277464717559535,0.0277451550269569,0.0277449824043213,0.0277449574318843
1.77697243905859,1.5,0,0.5,1,0.2,0.0185397378064719,1e-13,0.0185440626322477,0.0185402609963316,0.0185398033129483,0.0185397462544614,0.0185397379470764
2.70273048734525,1.5,0,0.5,1,0.4,0.00196002977087737,1.00000433680869e-13,0.00196050725382021,0.00196008510043382,0.00196003700292174,0.00196003069841998,0.00196002978640021
1.74596303445287,1,-3,0.7,0.5,0.2,7.10696322804947e-06,1.00000003388132e-13,7.10981675485664e-06,7.1073084846246e-06,7.1070064571358e-06,7.10696880315096e-06,7.10696332093392e-06
0.974122612155043,1,-3,0.5,0.5,0.05,0.00232180016668115,1.00000433680869e-13,0.0023218512367174,0.00232183285532536,0.00232180335953013,0.00232180057032748,0.0023218001733537
1.46600597485667,1,-0.2,0.5,1,0.2,0.00153784565980974,1.00000216840435e-13,0.00153822276226457,0.00153789127736985,0.00153785137137047,0.00153784639639597,0.00153784567206903
1.80708304703003,1,0,0.7,2,0.4,0.000124263900520236,1.00000054210109e-13,0.0001242995626123,0.000124268032827551,0.000124264440646084,0.000124263969793802,0.000124263901679537
0.248837317188736,1,1.5,0.5,2,0.05,0.498963722847084,1.00055511151231e-13,0.498989562537959,0.498980260258465,0.498965337829782,0.498963927012478,0.498963726221684
2.21787641206756,2.5,-0.2,0.3,1,0.2,0.0445858282027067,1.00006938893904e-13,0.0445911128107246,0.044586467644063,0.0445859082670634,0.0445858385285241,0.0445858283749573
1.94833353894064,1,-3,0.5,2,0.05,3.2721696796865e-05,1e-13,3.27236342649406e-05,3.27229367645833e-05,3.27218178856064e-05,3.27217121048519e-05,3.27216970499157e-05
0.248696805455256,1,-3,0.7,0.5,0.4,1.6363628311026,1.04662936703426e-13,1.63712161676504,1.63645079295106,1.63637432899602,1.63636430576863,1.63636285578164
2.10754295712104,0.6,-0.2,0.7,0.5,0.05,1.69025608007199e-12,1.00000000000002e-13,1.69036991087112e-12,1.69032893058538e-12,1.69026319419228e-12,1.6902569794351e-12,1.69025609493905e-12
1.08031836353475,2.5,0.5,0.5,2,0.2,0.143240430205827,1e-13,0.143258072916459,0.143242564771985,0.14324069695492,0.143240464086171,0.143240430181615
0.976518004981335,1,4,0.7,1,0.4,7.73487265692832e-05,1.00000040657581e-13,7.73488077059408e-05,7.73487365652399e-05,7.73487278846872e-05,7.73487267381404e-05,7.73487265720913e-05
2.94783481872873,0.6,0,0.3,1,0.2,9.91522660817212e-18,1e-13,9.91772101845314e-18,9.91552834446748e-18,9.91526438702236e-18,9.91523148028537e-18,9.915226689261e-18
2.26284293890931,1,0.5,0.5,0.5,0.2,2.53523707952677e-05,1.00000006776264e-13,2.53587540152715e-05,2.53531429475466e-05,2.53524674725764e-05,2.53523832631641e-05,2.53523710027752e-05
2.1293287136592,1,0.5,0.5,2,0.05,2.77486580673034e-05,1.00000003388132e-13,2.77503610318094e-05,2.77497479509913e-05,2.77487644991272e-05,2.77486715223625e-05,2.77486582897233e-05
0.707543654413894,1.5,-1,0.7,0.5,0.4,0.397879777660378,1.00055511151231e-13,0.398036288793752,0.397897915298789,0.397882148420293,0.39788008171513,0.397879782741707
0.802914136613254,0.6,1.5,0.7,2,0.2,4.24543611075887e-05,1.00000013552527e-13,4.24650500592347e-05,4.24556541175391e-05,4.24545229990326e-05,4.24543819857663e-05,4.24543614550684e-05
1.9683230250841,2.5,4,0.7,2,0.05,0.00433033514519616,1.00000867361738e-13,0.00433060883903816,0.00433051031140155,0.004330352250804,0.00433033730685815,0.00433033517999608
1.8709334149491,1.5,1.5,0.5,1,0.4,0.00458605699744746,1.00000867361738e-13,0.00458715299997411,0.00458618400207918,0.00458607359807258,0.00458605912655389,0.00458605703307906
0.797365042706952,1.5,-1,0.5,0.5,0.2,0.31136803064181,1.00055511151231e-13,0.311429183388707,0.311375429626516,0.311368957055178,0.311368150115973,0.311368032629998
1.58043428077362,1,-0.2,0.7,1,0.05,0.00074322940722811,1.00000108420217e-13,0.000743282418457372,0.00074326333393018,0.000743232720306703,0.0007432298260658,0.000743229414151779
0.174852436606307,0.6,-0.2,0.7,0.5,0.4,0.645051059881587,1.00222044604925e-13,0.645228313398257,0.645071598427919,0.645053744427304,0.64505140418651,0.645051065643563
1.43901750100777,1,-0.2,0.5,2,0.05,0.00108284433317438,1.00000216840435e-13,0.00108290901156947,0.00108288572692123,0.00108284837546571,0.00108284484419903,0.0010828443416219
2.63486276578624,1.5,-0.2,0.3,1,0.05,0.00190165060023486,1.00000216840435e-13,0.00190174911111404,0.00190171364669706,0.00190165675703753,0.00190165137857539,0.00190165061310132
2.85196785496082,2.5,-0.2,0.5,0.5,0.2,0.0499741329329569,1.00006938893904e-13,0.0499852076128147,0.0499754727342708,0.0499743006848932,0.0499741545669597,0.0499741332930201
2.28021225081757,2.5,-1,0.5,1,0.4,0.0579798556659427,1.00006938893904e-13,0.0579893531425847,0.0579809567109061,0.0579799995892993,0.0579798741248361,0.0579798559747959
2.78279124586843,1,-1,0.5,2,0.4,8.89891118099535e-07,1.00000000211758e-13,8.90113223449991e-07,8.89916854477591e-07,8.89894482053745e-07,8.89891549541807e-07,8.89891125319905e-07
1.69290412687697,2.5,-0.2,0.3,0.5,0.2,0.105266793925396,1e-13,0.105285098593719,0.105269008316594,0.105267071180457,0.10526682968137,0.105266794520499
1.87707493174821,1,4,0.5,1,0.4,4.68880376044154e-07,1.00000000211758e-13,4.68984435026865e-07,4.68892435375291e-07,4.68881952319725e-07,4.68880578208915e-07,4.68880379427398e-07
2.80015815105289,1.5,-3,0.5,0.5,0.4,5.36699677828356e-06,1.00000001694066e-13,5.36752154774412e-06,5.36705769531553e-06,5.36700476155233e-06,5.36699782183279e-06,5.36699681789657e-06
2.02987143381033,2.5,-0.2,0.5,2,0.05,0.0482810830876454,1e-13,0.0482827810162105,0.0482821697976877,0.0482811892172537,0.0482810965045688,0.0482810833094103
0.201404557144269,1.5,1.5,0.7,1,0.4,0.119013266609367,2.16698317675912e-13,0.11893624176151,0.119004345533468,0.119012100613948,0.119013117066248,0.119013264106662
0.570492763654329,1,0.5,0.7,2,0.05,0.0994445915237635,1.00013877787808e-13,0.0994519439041412,0.0994492970195477,0.0994450510405032,0.0994446496157047,0.0994445924840597
1.67505054628709,1,0.5,0.7,0.5,0.05,0.000385820115927048,1.00000108420217e-13,0.000385841708953515,0.000385833935293582,0.000385821465447872,0.000385820286532825,0.000385820118747277
0.64327545753913,1.5,-3,0.5,1,0.4,0.214652676623409,1.00721644966006e-13,0.214656558479322,0.214653131329697,0.214652736244904,0.214652684388055,0.214652676885002
0.0739417510922067,1.5,4,0.3,2,0.2,0.452386138300622,1.09214851104389e-13,0.45216049872398,0.452359024197324,0.452382746199809,0.452385700885305,0.452386131020677
2.18204044514569,1,-0.2,0.3,1,0.2,3.0148817865159e-05,1.00000006776264e-13,3.01557551989426e-05,3.01496570652026e-05,3.01489229374656e-05,3.01488314157126e-05,3.0148818090685e-05
2.78058023734484,0.6,0.5,0.7,0.5,0.2,1.08882661275039e-16,1e-13,1.0890864977743e-16,1.08885804997194e-16,1.08883054884675e-16,1.08882712036528e-16,1.08882662119872e-16
2.78046435537981,0.6,0.5,0.7,1,0.2,8.8380054528288e-17,1e-13,8.84024353228989e-17,8.83827618184887e-17,8.83803934941361e-17,8.83800982426874e-17,8.83800552558346e-17
0.609702423657291,1.5,-0.2,0.7,2,0.4,0.282993548511896,1.00333066907388e-13,0.283099358943707,0.283005814301811,0.282995151825673,0.282993754145372,0.282993551953235
1.09602095602313,1.5,1.5,0.5,1,0.05,0.0323297831940029,1e-13,0.0323315730122679,0.032330928672939,0.0323298950564356,0.0323297973356152,0.0323297834277725
0.332320224714931,1,1.5,0.7,0.5,0.2,0.131909750335155,1.00027755575616e-13,0.1319167896525,0.131910602706336,0.131909857063411,0.131909764093684,0.131909750557597
0.27500403841259,1.5,-0.2,0.3,1,0.05,0.881118556571163,1.00111022302463e-13,0.881203590764858,0.881172976115318,0.881123870613277,0.881119228366674,0.881118567676348
0.611058376927395,2.5,4,0.5,2,0.05,0.021976702553072,1e-13,0.021976891849141,0.0219768237498365,0.0219767143961003,0.0219767040503533,0.0219767025778231
0.831373299343977,0.6,4,0.5,2,0.05,7.99589994131344e-06,1e-13,7.99638865459622e-06,7.9962127140182e-06,7.9959304849282e-06,7.99590380262258e-06,7.99590000514323e-06
0.410298051708378,1,1.5,0.3,1,0.05,0.153475351824373,1e-13,0.153487790748852,0.153483312655137,0.153476129236602,0.153475450104508,0.153475353449032
0.0733416766859591,1.5,-1,0.7,1,0.4,0.151964971683737,1.28303748234038e-13,0.151403635152421,0.151899899062914,0.151956465748644,0.15196388075232,0.151964953426426
0.119974507403094,2.5,0.5,0.5,2,0.2,0.109607802089804,1.71317951544358e-13,0.109101489932169,0.109546536823594,0.109600131096347,0.109606812803012,0.109607785624712
1.21063989108661,1,0,0.3,1,0.2,0.00437237626037519,1.00000867361738e-13,0.00437337936152316,0.00437249760528035,0.00437239145341898,0.00437237821973255,0.00437237629298553
0.52524703075178,1,4,0.5,1,0.2,0.00351987775578696,1e-13,0.00352027101686217,0.00351992537808864,0.00351988372693673,0.00351987853377744,0.00351987777767259
1.13955924820621,0.6,-0.2,0.5,0.5,0.05,1.31313628887035e-06,1.00000000423516e-13,1.31321993158356e-06,1.31318981937808e-06,1.31314151632911e-06,1.31313694972278e-06,1.31313629979457e-06
1.347167651169,2.5,0,0.7,0.5,0.2,0.143782776297568,1.00027755575616e-13,0.143818704605775,0.143787123370134,0.143783320591816,0.143782846496734,0.143782777471041
2.99144272938138,1,-0.2,0.7,0.5,0.4,7.52475229859635e-07,1.00000000105879e-13,7.5268536068584e-07,7.52499577947601e-07,7.52478412341908e-07,7.5247563802714e-07,7.52475236690363e-07
2.46678455186775,2.5,4,0.5,1,0.2,3.81769708695453e-05,1e-13,3.81812847688049e-05,3.8177508141376e-05,3.81770530770263e-05,3.81769963391449e-05,3.81769880783292e-05
2.06580350690056,1.5,1.5,0.7,1,0.2,0.00230053899727462,1e-13,0.00230102602424195,0.00230059791482395,0.00230054637410338,0.00230053994862121,0.00230053901310803
1.99181374418549,1,1.5,0.7,0.5,0.2,1.28441314711083e-05,1.00000001694066e-13,1.2845792555346e-05,1.28443324505097e-05,1.28441566354085e-05,1.2844134716413e-05,1.28441315251243e-05
1.82119098306866,1.5,-3,0.7,0.5,0.4,0.00053438425785799,1.00000216840435e-13,0.00053464560339088,0.000534414559581416,0.000534388218814121,0.000534384765873056,0.000534384266359837
0.365898603666574,0.6,0,0.7,1,0.2,0.0420046047975417,1e-13,0.0420160226931193,0.0420059859656854,0.0420047777265409,0.0420046270991625,0.0420046051687126
1.93233393104747,1,4,0.3,2,0.4,8.74334252551007e-06,1.00000001694066e-13,8.74583735467681e-06,8.7436316106115e-06,8.74338031124688e-06,8.74334737169476e-06,8.74334260660681e-06
0.817623051640112,1.5,-1,0.5,2,0.05,0.158404256843356,1e-13,0.158410406964231,0.15840819302045,0.158404641251271,0.158404305440292,0.158404257646689
1.76654949524673,1.5,-3,0.7,1,0.2,0.00296414452001698,1.00000433680869e-13,0.00296528952408281,0.00296428306607861,0.00296416186726967,0.00296414675719829,0.00296414455725105
2.9209744328633,1.5,1.5,0.5,1,0.05,0.000405652118330547,1e-13,0.000405676458327677,0.000405667695762688,0.000405653639538143,0.000405652310640921,0.000405652121509551
2.52659256547922,0.6,-0.2,0.7,1,0.2,3.47795859253584e-15,1e-13,3.47888676701763e-15,3.47807086827756e-15,3.47797264999108e-15,3.47796040544181e-15,3.47795862270859e-15
1.99455194335897,0.6,4,0.7,0.5,0.2,6.05624875437804e-17,1e-13,6.05632752105259e-17,6.056258327622e-17,6.05624995367614e-17,6.05624890905488e-17,6.05624875695122e-17
1.23666444664123,0.6,-3,0.5,2,0.05,7.30479033046399e-08,1.0000000005294e-13,7.30523974198784e-08,7.30507795019703e-08,7.30481841775757e-08,7.30479388124547e-08,7.3047903891601e-08
0.339959310286213,2.5,-1,0.5,0.5,0.2,0.780718305938803,1.00333066907388e-13,0.780820234623393,0.780730664852353,0.780719853772559,0.780718505560712,0.780718309261195
0.992431492137257,1,0.5,0.7,2,0.2,0.00925198352861003,1.00001734723476e-13,0.00925464539089819,0.00925230553507208,0.00925202384559917,0.00925198872805484,0.00925198361514572
2.98759140396724,1,0,0.7,1,0.2,5.26024718043084e-07,1.00000000211758e-13,5.26167346947366e-07,5.2604197116615e-07,5.26026878218184e-07,5.2602499662796e-07,5.26024722679624e-07
2.19255149194505,2.5,-1,0.7,1,0.2,0.0771403765833779,1e-13,0.0771677217316979,0.0771436857446729,0.0771407909261953,0.0771404300183252,0.0771403774719242
2.07634451548802,1,-3,0.3,0.5,0.4,2.90233085005978e-07,1.00000000105879e-13,2.90217445486213e-07,2.90231275611312e-07,2.90232848545473e-07,2.9023305467954e-07,2.90233084498414e-07
1.90631489158841,0.6,-0.2,0.3,0.5,0.4,2.44693946433353e-11,1.00000000000013e-13,2.44753625958685e-11,2.44700861656873e-11,2.44694850307593e-11,2.4469406235926e-11,2.44693948373419e-11
2.42008212672081,0.6,-3,0.3,1,0.2,7.19828136870604e-16,1e-13,7.19958289839556e-16,7.19843882198493e-16,7.19830108282869e-16,7.19828391112199e-16,7.19828141102024e-16
1.65242469684454,0.6,-0.2,0.7,1,0.05,6.63834127870577e-10,1.0000000000031e-13,6.63878883159396e-10,6.63862770799849e-10,6.6383692496025e-10,6.63834481477088e-10,6.63834133715889e-10
2.59231039583683,0.6,1.5,0.7,2,0.05,5.83344295154872e-16,1e-13,5.83381464954648e-16,5.83368083464687e-16,5.83346618175292e-16,5.83344588829869e-16,5.83344300009511e-16
2.95337536340812,1,0.5,0.5,1,0.2,6.42456984531322e-07,1.00000000105879e-13,6.4261817961129e-07,6.42476483703904e-07,6.42459425925649e-07,6.42457299383429e-07,6.42456989771531e-07
1.7887439202168,1.5,-1,0.3,0.5,0.05,0.013898810441282,1.00001734723476e-13,0.0138990725459453,0.0138989781955382,0.0138988268246725,0.0138988125124796,0.0138988104755202
0.214503696770407,1.5,-3,0.3,2,0.4,1.26134919898592,5.25215418431435e-13,1.26137392503902,1.26135206798255,1.26134957404483,1.26134924708989,1.26134919979092
1.60519964654231,1.5,4,0.3,0.5,0.05,8.32314699632758e-07,1.00000000317637e-13,8.32324994555137e-07,8.3230304633766e-07,8.32267825164414e-07,8.32264494436288e-07,8.32264020388108e-07
1.87649607621133,2.5,-3,0.5,2,0.2,0.032450382316914,1e-13,0.0324524643626789,0.03245063458092,0.0324504139056426,0.0324503863886747,0.0324503823822562
0.528954160853755,0.6,-1,0.5,2,0.4,0.00353119472064906,1e-13,0.00353205897781068,0.00353129486817552,0.00353120781077671,0.00353119639951738,0.00353119474874564
2.82434894654434,0.6,0.5,0.5,2,0.05,3.71650499632075e-17,1e-13,3.71674096138143e-17,3.71665601166136e-17,3.71651974355268e-17,3.71650686065797e-17,3.71650502713949e-17
0.330112748662941,1,-0.2,0.5,1,0.4,0.592416797315197,1e-13,0.592558313459976,0.592433196167384,0.59241894078713,0.592417072222944,0.592416801913235
2.4434065435431,0.6,-0.2,0.7,0.5,0.4,1.52844870399362e-14,1e-13,1.52886037220024e-14,1.52849640431391e-14,1.52845493879029e-14,1.52844950363394e-14,1.52844871737562e-14
2.97973720234586,0.6,-1,0.5,1,0.05,5.97761697250234e-18,1e-13,5.97799608688049e-18,5.97785960203324e-18,5.97764066621732e-18,5.977619967849e-18,5.97761702201717e-18
1.95077055078,1,-3,0.3,0.5,0.2,6.98571206702892e-07,1.00000000317637e-13,6.98505892663376e-07,6.98563313111132e-07,6.98570218493823e-07,6.98571079260812e-07,6.98571204581376e-07
0.796020682097878,1,-0.2,0.5,0.5,0.2,0.061171543409838,1.00006938893904e-13,0.0611868483922617,0.0611733948013245,0.0611717752134179,0.0611715733041708,0.0611715439073844
0.662625742843375,1.5,0,0.3,1,0.2,0.22143702892835,1e-13,0.221480312340387,0.221442265281387,0.221437684698455,0.22143711364539,0.221437030503357
2.46706069594948,2.5,-3,0.5,1,0.05,0.00578531213794474,1e-13,0.00578527199071942,0.00578528645779235,0.00578530963232197,0.00578531182121082,0.00578531213270896
0.851587748224847,1,-1,0.5,0.5,0.05,0.0465064305042334,1.00006938893904e-13,0.0465090972723653,0.0465081372243108,0.0465065971743105,0.0465064515746022,0.0465064308525399
2.50629829908721,2.5,0.5,0.5,0.5,0.4,0.0324930208827133,1e-13,0.032500707835534,0.0324939116555142,0.0324931373147163,0.0324930358156548,0.0324930211326229
1.6455034001614,2.5,4,0.5,1,0.2,0.000118141188775158,1.00000040657581e-13,0.000118146766578432,0.000118147044926953,0.000118147144888651,0.000118147035918075,0.000118147062619182
2.84094406060176,1,-3,0.7,2,0.4,2.48696491950155e-07,1.0000000005294e-13,2.487720484172e-07,2.4870524686311e-07,2.48697636286112e-07,2.48696638716356e-07,2.48696494406311e-07
2.47461129664443,0.6,1.5,0.7,1,0.2,2.6565848607953e-15,1e-13,2.65719995162448e-15,2.65665926649936e-15,2.65659417676987e-15,2.65658606222135e-15,2.65658488079102e-15
2.90199137487216,1,-3,0.7,2,0.4,1.8105606782241e-07,1.0000000005294e-13,1.81110920478671e-07,1.81062423730296e-07,1.81056898589485e-07,1.81056174371999e-07,1.81056069605534e-07
2.77560579064302,0.6,0,0.3,2,0.05,6.10214696474004e-17,1e-13,6.10252784361494e-17,6.10239072358068e-17,6.10217076874434e-17,6.1021499740297e-17,6.10214701448562e-17
2.28847381928936,1.5,1.5,0.3,2,0.05,0.00176906301949886,1.00000433680869e-13,0.00176916417180004,0.00176912775643591,0.00176906934138144,0.00176906381870868,0.00176906303271029
1.540240939043,2.5,4,0.3,1,0.4,0.000196273733563278,1.0000276471554e-13,0.000196366098878104,0.000196284444252431,0.000196275132569777,0.000196273911889243,0.000196273735301099
2.67066285301698,1,0,0.3,1,0.05,2.53507959707215e-06,1.00000000423516e-13,2.5352317487884e-06,2.53517697288147e-06,2.53508910622663e-06,2.53508079921474e-06,2.53507961694437e-06
0.448910970590077,0.6,0,0.3,1,0.2,0.0124147605358437,1.00001734723476e-13,0.0124177649581377,0.0124151239717912,0.0124148060398809,0.0124147664042292,0.0124147606335134
0.435210866399575,1.5,4,0.3,0.5,0.05,0.00409128813906393,1.00000867361738e-13,0.00409139247547698,0.00409135497216303,0.00409129515232641,0.00409128930655716,0.00409128848186633
2.77238777495222,1.5,-0.2,0.7,1,0.2,0.00157365857137768,1.00000216840435e-13,0.00157412445442206,0.00157371492845295,0.00157366562758046,0.00157365948137439,0.00157365858652299
2.25671373046935,1,4,0.3,0.5,0.05,1.34315205031138e-10,1.00000000000052e-13,1.34328241295008e-10,1.34323548394357e-10,1.34316019836875e-10,1.34315308038963e-10,1.34315206733916e-10
0.206843794137239,1.5,0,0.5,0.5,0.4,0.82223557330174,1.34194869158455e-13,0.82238420331444,0.822252805579068,0.822237825846878,0.82223586220325,0.82223557813663
2.66985340394313,1,0,0.3,2,0.05,1.43141262972267e-06,1.00000000423516e-13,1.43149696033144e-06,1.43146660064085e-06,1.43141790021494e-06,1.43141329601571e-06,1.43141264073688e-06
0.37368931901874,0.6,4,0.5,0.5,0.05,0.00108895484395906,1.00000216840435e-13,0.00108899147578805,0.00108897828950706,0.0010889571337478,0.0010889551334358,0.00108895484874429
1.79855595387053,1,-0.2,0.7,2,0.05,0.000141489650371234,1.00000108420217e-13,0.000141499711464093,0.0001414960893842,0.000141490279167547,0.000141489729863346,0.000141489651685287
0.880864854308311,2.5,-3,0.5,0.5,0.2,0.227148370095346,1.00055511151231e-13,0.227055548057661,0.227137146530979,0.227146964920839,0.227148188879512,0.227148367079309
1.04627088567941,2.5,-1,0.3,2,0.2,0.121546914129823,1e-13,0.12154830186375,0.121547083063004,0.121546936147318,0.121546917828869,0.121546915161755
1.51952304393053,2.5,-1,0.7,0.5,0.2,0.258056547480587,1e-13,0.258151128553608,0.258067993540754,0.258057980659551,0.258056732310653,0.258056550557128
1.80272716199979,1.5,0.5,0.5,1,0.4,0.0134245213779324,1.00003469446952e-13,0.0134277601522593,0.0134248966829675,0.0134245704335542,0.0134245276695405,0.0134245214832256
1.30184454044793,2.5,4,0.3,2,0.05,0.00892465123038645,1e-13,0.0089252373136031,0.00892502632669778,0.0089246878621582,0.00892465586219138,0.00892465130787658
0.908326121629216,1.5,-1,0.7,0.5,0.2,0.245541860853424,1.00027755575616e-13,0.245633079173552,0.245552896362977,0.245543242572173,0.245542039045706,0.245541863819085
0.192121309007052,2.5,0.5,0.5,2,0.05,0.310789131279343,1.00055511151231e-13,0.31070908236214,0.310737907547551,0.310784130148379,0.310788499051783,0.310789120828263
0.959559797076509,0.6,-3,0.5,1,0.2,2.13028540829751e-06,1e-13,2.130770486279e-06,2.13034409130466e-06,2.13029275577879e-06,2.13028635585964e-06,2.13028542406814e-06
2.63683730888879,1,0.5,0.3,2,0.05,1.62563386042001e-06,1e-13,1.62573170020188e-06,1.62569647707822e-06,1.62563997520237e-06,1.62563463344778e-06,1.62563387319864e-06
2.63941331246169,0.6,-3,0.3,0.5,0.4,1.12102246313429e-18,1e-13,1.12114117923331e-18,1.12103622398061e-18,1.12102426185843e-18,1.12102269382997e-18,1.12102246699511e-18
0.768971324455924,0.6,-3,0.3,0.5,0.2,1.47936368054426e-05,1.00000005082198e-13,1.47938998399854e-05,1.47936687314676e-05,1.47936408043644e-05,1.47936373211855e-05,1.47936368140255e-05
2.95409822949441,2.5,1.5,0.3,0.5,0.2,0.00236108243975788,1.00000433680869e-13,0.00236197441780426,0.00236119034227267,0.00236109593039219,0.00236108416000607,0.00236108244630161
2.66518795131706,1.5,-3,0.3,0.5,0.2,4.40393711028857e-06,1.00000001694066e-13,4.40274824586591e-06,4.4037931513338e-06,4.40391888657579e-06,4.40393456080438e-06,4.40393684286369e-06
0.178947249799967,1.5,1.5,0.5,1,0.4,0.332367967414823,8.04880598334512e-13,0.332336464830429,0.33236433299533,0.3323674926037,0.332367906522142,0.332367966395763
1.155258859077,1,1.5,0.3,0.5,0.05,0.00193955516861296,1.00000433680869e-13,0.00193972576027687,0.001939664345977,0.00193956583026115,0.00193955651645348,0.00193955519089362
0.211388914694544,1,0,0.5,2,0.4,1.01302019843711,1.0044408920985e-13,1.01323377080983,1.01304494991703,1.01302343371545,1.01302061337796,1.0130202053823
2.31469320682809,0.6,0.5,0.7,1,0.2,5.59510313719747e-14,1e-13,5.59651698604101e-14,5.59527416346323e-14,5.59512455051746e-14,5.59510589874532e-14,5.59510318315831e-14
0.491043399518821,2.5,-1,0.3,0.5,0.2,0.749829287574697,1e-13,0.75016116976712,0.749869411742282,0.749834310984773,0.749829935408588,0.749829298356826
2.9022042387398,1.5,4,0.5,2,0.4,8.68941329594427e-05,1e-13,8.69152538008269e-05,8.68965803965928e-05,8.68944528604106e-05,8.68941739881984e-05,8.6894133646076e-05
1.89872977528721,1.5,0,0.5,0.5,0.05,0.0187210427095426,1e-13,0.0187221949588909,0.0187217801397551,0.0187211147227441,0.0187210518134164,0.0187210428600354
0.363095171563327,0.6,-3,0.5,0.5,0.05,0.0296719868770243,1.00003469446952e-13,0.0296733270955308,0.0296728446304861,0.029672070644144,0.0296719974668685,0.0296719870520813
0.601775713299867,1.5,0,0.5,1,0.05,0.351004856725716,1.00055511151231e-13,0.351023840992238,0.351017006612676,0.351006043231258,0.351005006723346,0.35100485920524
2.47355026045116,1,0,0.5,1,0.4,8.18593713232132e-06,1.00000003388132e-13,8.18799317947162e-06,8.18617537449202e-06,8.18596827248998e-06,8.18594112618765e-06,8.18593719916024e-06
1.97661836942425,0.6,-3,0.5,1,0.2,5.88976289677413e-13,1.00000000000001e-13,5.89119611852913e-13,5.8899362728214e-13,5.88978460439386e-13,5.88976569627779e-13,5.88976294336733e-13
0.381304338038899,1,-3,0.3,1,0.2,0.192298925317886,1e-13,0.192266134285554,0.192294960684874,0.192298428955966,0.192298861305754,0.192298924252764
1.80080652222969,0.6,0,0.7,2,0.2,4.81351155161868e-11,1.00000000000032e-13,4.8147970825567e-11,4.81366705542612e-11,4.81353102144414e-11,4.81351406252549e-11,4.81351159340803e-11
1.46452927603386,2.5,0,0.5,2,0.05,0.095179866847327,1e-13,0.0951825441855344,0.095181580422715,0.095180034200694,0.0951798880038875,0.0951798671966544
1.03358057726873,2.5,0.5,0.3,0.5,0.05,0.136590728548423,1e-13,0.136604267904018,0.136599394313148,0.136591576709272,0.136590837635638,0.136590732449374
0.894651887658984,2.5,1.5,0.5,2,0.2,0.119792577847475,1.00027755575616e-13,0.11981084392998,0.119794787984039,0.119792854576065,0.119792613535649,0.119792578441447
0.911013300181367,1,-3,0.5,0.5,0.05,0.00390403690857901,1.00000867361738e-13,0.00390411858109585,0.00390408918561322,0.0039040420147957,0.00390403755411806,0.0039040369192502
0.347860084485728,1.5,-0.2,0.3,1,0.05,0.64470043522344,1.00111022302463e-13,0.644748738603688,0.644731348372065,0.644703453926666,0.644700816845258,0.644700441531884
0.324474439071491,2.5,4,0.7,1,0.4,0.000219302233769033,1.41401452578749e-13,0.000218279962411019,0.000219183558490623,0.000219286718667681,0.000219300243832359,0.000219302200466312
0.901821703300811,0.6,-1,0.5,0.5,0.4,2.82139121666067e-05,1e-13,2.82209764967762e-05,2.8214730740737e-05,2.82140191608734e-05,2.82139258891026e-05,2.82139123962587e-05
2.26964075912256,2.5,0,0.5,1,0.05,0.0587752111442738,1.00006938893904e-13,0.0587779528130873,0.0587769658285314,0.0587753825026977,0.0587752328073927,0.0587752115023773
2.76105514105875,2.5,0,0.7,1,0.05,0.0354473070012196,1.00006938893904e-13,0.0354501030323908,0.0354490964664771,0.035447481754517,0.0354473290934978,0.0354473073664181
2.95492788227275,0.6,0,0.7,0.5,0.2,1.36654966230023e-17,1e-13,1.36690508349079e-17,1.36659265548572e-17,1.36655504525086e-17,1.36655035650714e-17,1.36654967385407e-17
0.870276483264752,2.5,0.5,0.3,2,0.4,0.139500570620037,1.06050715484207e-13,0.139522887925113,0.139503156769274,0.139500908652886,0.139500613974308,0.139500571345588
1.04845708447974,0.6,0.5,0.3,2,0.2,1.69597961118518e-06,1.00000000211758e-13,1.69639897305123e-06,1.69603034003732e-06,1.69598596269522e-06,1.69598043030172e-06,1.69597962481806e-06
0.199520763463806,1,0.5,0.3,1,0.4,0.800956446543744,1e-13,0.801220659704797,0.800987058901063,0.800960447779015,0.800956959718566,0.800956455131049
0.307653332687914,0.6,1.5,0.5,0.5,0.2,0.0588920814891339,1.00006938893904e-13,0.0589061965445903,0.0588937890021895,0.0588922952793531,0.0588921090604032,0.0588920819480136
1.04514372914564,0.6,0,0.5,0.5,0.4,4.40135788397788e-06,1e-13,4.40248324010213e-06,4.40148828096492e-06,4.40137492787757e-06,4.40136006993388e-06,4.40135792056071e-06
0.790562508639414,1.5,-1,0.5,0.5,0.05,0.321050256204015,1e-13,0.321065729073608,0.321060158916989,0.321051223277781,0.321050378461363,0.32105025822498
1.12037069556536,0.6,1.5,0.5,1,0.4,5.47699882053979e-07,1.00000000211758e-13,5.47837696134282e-07,5.47715851077327e-07,5.47701969333399e-07,5.47700149756939e-07,5.47699886534113e-07
2.23927606664365,1,4,0.7,2,0.05,1.76108022775219e-06,1.00000000847033e-13,1.76118232802131e-06,1.76114557115651e-06,1.76108660882375e-06,1.76108103444428e-06,1.76108024108736e-06
2.13459784528241,0.6,0,0.5,0.5,0.4,1.30212347925084e-12,1e-13,1.30245673599159e-12,1.30216209425477e-12,1.30212852653136e-12,1.30212412658697e-12,1.30212349008421e-12
2.35021181727061,0.6,0,0.5,0.5,0.4,6.6594907649374e-14,1e-13,6.66119541049435e-14,6.65968828497713e-14,6.65951658233855e-14,6.65949407613414e-14,6.6594908203518e-14
1.2336833084817,2.5,-0.2,0.7,2,0.05,0.163139923161291,1.00027755575616e-13,0.163150349748466,0.163146596790691,0.163140575046107,0.16314000564274,0.163139924602708
2.98903096822323,1.5,0.5,0.7,0.5,0.4,0.000741897331749174,1.00000108420217e-13,0.00074206485217452,0.00074191674340546,0.000741899869015018,0.000741897657165032,0.000741897337195018
1.02647205272224,0.6,1.5,0.7,2,0.05,1.82692878903325e-06,1e-13,1.82704398573636e-06,1.82700251389055e-06,1.82693598856453e-06,1.82692969919425e-06,1.82692880407874e-06
0.301362169731874,0.6,1.5,0.3,0.5,0.05,0.0622370942061962,1.00020816681712e-13,0.0622422961202099,0.0622404233798064,0.0622374193127609,0.0622371353059915,0.0622370948856009
2.57067955909297,1,-0.2,0.7,2,0.4,2.39460340976682e-06,1.00000000847033e-13,2.39527661547661e-06,2.39468141603443e-06,2.39461360580336e-06,2.39460471745414e-06,2.39460343165112e-06
1.59293777823914,0.6,4,0.5,2,0.4,1.53046446288522e-10,1.00000000000052e-13,1.53085066885148e-10,1.53050921385476e-10,1.53047031219379e-10,1.53046521308522e-10,1.5304644754401e-10
2.9912516647717,1.5,-3,0.5,0.5,0.4,2.50398486286181e-06,1.00000000423516e-13,2.50425099200754e-06,2.50401574275666e-06,2.50398890223657e-06,2.50398538347656e-06,2.5039848744359e-06
1.29456769153476,1,4,0.5,0.5,0.05,4.14718119117192e-07,1e-13,4.14721208182357e-07,4.14720097071776e-07,4.1471831241334e-07,4.14718143542268e-07,4.14718119506129e-07
0.724456342682242,2.5,0.5,0.5,1,0.4,0.206414724972225,1.04746203430273e-13,0.2064585083682,0.206419799151654,0.206415388220629,0.206414810037018,0.20641472639582
0.355505555018317,1,1.5,0.3,1,0.4,0.193525226604835,1e-13,0.193591896554111,0.193532952138119,0.193526236397833,0.193525356115631,0.193525228772544
2.70169848843943,1.5,-1,0.3,0.5,0.4,0.00134428635620424,1.00000216840435e-13,0.00134444149163955,0.00134430433765768,0.00134428870660395,0.0013442866576549,0.00134428636124913
0.798839256505016,0.6,-0.2,0.3,1,0.2,9.285405494952e-05,1e-13,9.28760355036882e-05,9.28567138743915e-05,9.28543878605453e-05,9.28540978830791e-05,9.2854055664079e-05
1.26939885610482,0.6,-3,0.5,1,0.05,1.96411241474338e-08,1.00000000006617e-13,1.96422690722498e-08,1.96418568933575e-08,1.96411957037188e-08,1.96411331935498e-08,1.96411242969708e-08
