"t","a","v","w","sv","sw","wienr","err"
0.545722502702847,0.6,-1,0.7,0.5,0.05,0.004328512233696,1e-13
2.43217337726383,0.6,0,0.7,0.5,0.05,1.87028784378648e-14,1e-13
1.18557993655559,1.5,-3,0.7,2,0.2,0.0343065098701545,1.00006938893904e-13
1.01681623563636,1.5,-0.2,0.5,0.5,0.05,0.15706514979918,1e-13
1.8261969905463,0.6,-1,0.3,2,0.05,3.03414906381174e-11,1.00000000000013e-13
1.83296245941892,1.5,4,0.3,1,0.05,3.73144169728853e-05,1.00000020328791e-13
0.417668660508934,2.5,1.5,0.3,2,0.4,0.258544963923387,1.00333066907388e-13
0.919072726520244,2.5,-3,0.5,2,0.4,0.202776462379078,4.12638803734444e-13
1.7539492610842,1.5,0,0.3,2,0.4,0.0085359343606188,1e-13
1.91138885947876,2.5,4,0.5,1,0.2,7.98532324696378e-05,1.00000013552527e-13
1.56044689776609,1.5,-3,0.7,0.5,0.05,0.00212712875860462,1e-13
1.53982054676162,1.5,-0.2,0.7,1,0.4,0.0297494312885633,1.00006938893904e-13
1.62540429269429,1,1.5,0.7,2,0.2,0.000232688687857679,1.00000081315163e-13
1.69388583528344,2.5,-0.2,0.5,0.5,0.05,0.147527199196425,1.00027755575616e-13
2.61036248855526,0.6,-3,0.3,1,0.4,4.60324884285117e-17,1e-13
2.49764064528281,2.5,-3,0.5,2,0.4,0.0137391961121988,1.00010408340856e-13
0.37877500251634,1.5,-1,0.5,0.5,0.05,1.02967016726227,1e-13
2.12588065871969,0.6,-0.2,0.3,0.5,0.05,1.25690623820408e-12,1e-13
2.6975903798826,1.5,0,0.7,2,0.05,0.00106752662704729,1e-13
0.875211033574306,1,-0.2,0.3,1,0.4,0.0245157084825115,1.00003469446952e-13
0.723195549787488,1.5,4,0.7,2,0.4,0.0147949405388039,1.00001734723476e-13
0.0952231829171069,1,4,0.5,0.5,0.2,0.132564133553622,1.00027755575616e-13
0.430495597887784,2.5,-0.2,0.5,0.5,0.4,0.400016419819385,7.80566714095221e-13
0.325476689112838,0.6,-3,0.7,2,0.4,0.05224247037361,1e-13
0.748810772038996,0.6,-1,0.3,1,0.05,0.00016788076031113,1e-13
2.38388485794421,2.5,4,0.5,2,0.4,0.00306714033066823,1.00000433680869e-13
1.81920811877353,0.6,1.5,0.7,2,0.2,2.69598024781435e-11,1.00000000000013e-13
2.73493574726163,2.5,-3,0.5,2,0.4,0.010273761152166,1.00001734723476e-13
1.70325243409025,1,0.5,0.3,1,0.2,0.000302417503091541,1e-13
2.27932906904025,2.5,-0.2,0.5,0.5,0.05,0.0854982789356122,1e-13
1.16855707885698,1.5,1.5,0.5,1,0.05,0.0269880546033501,1e-13
1.15117888185196,2.5,0.5,0.3,1,0.2,0.113608866261485,1e-13
0.552357396506704,1,1.5,0.7,1,0.2,0.0526853526063343,1e-13
1.38725660468917,0.6,-0.2,0.5,2,0.05,1.9398223232261e-08,1.00000000013235e-13
0.812321183353197,1.5,1.5,0.3,2,0.4,0.0670293371718803,1.00013877787808e-13
1.04198455936275,2.5,-1,0.3,0.5,0.4,0.240549132375157,1.02442490654175e-13
2.67426995228743,1.5,1.5,0.7,1,0.4,0.000526927859131941,1e-13
0.645741581532639,0.6,0,0.3,0.5,0.2,0.000925867936776979,1.00000216840435e-13
1.75859882617369,0.6,-1,0.3,0.5,0.05,1.23106504340305e-10,1.00000000000052e-13
0.662514488189481,2.5,-1,0.7,0.5,0.2,0.547321421510212,1.00111022302463e-13
0.880332937440835,0.6,0.5,0.3,1,0.05,2.67890068243572e-05,1.00000003388132e-13
2.36952955204761,1,0.5,0.7,1,0.05,1.02540130147489e-05,1e-13
0.560407080559526,1,4,0.5,1,0.4,0.00260867045134777,1e-13
1.73370517872972,2.5,-1,0.7,1,0.4,0.132786311050841,1.00277555756156e-13
1.28688474163646,1,-1,0.5,0.5,0.4,0.0041234325300624,1e-13
0.83948538718978,1.5,0.5,0.3,2,0.2,0.0872808587724389,1e-13
0.191037853329908,1.5,0.5,0.3,0.5,0.05,0.996511732714046,1e-13
0.355304509098642,0.6,-1,0.3,1,0.05,0.047120735252214,1e-13
0.976392794214189,1.5,-1,0.3,0.5,0.05,0.118181531901868,1e-13
2.41189113350119,0.6,0,0.7,0.5,0.4,2.31458056888573e-14,1e-13
0.726507851493079,0.6,0.5,0.7,2,0.05,0.000171077955329559,1e-13
0.678345400129911,1,1.5,0.5,0.5,0.4,0.0271945344843117,1e-13
2.63744767231401,0.6,-3,0.5,1,0.4,4.23701309038459e-17,1e-13
2.98000479170587,1,-0.2,0.5,2,0.4,3.50776488871792e-07,1.00000000105879e-13
2.54052870855667,1.5,-1,0.7,2,0.4,0.00141693163495716,1.00000650521303e-13
2.73578782021068,1,-3,0.7,2,0.2,4.56323451120956e-07,1.00000000211758e-13
1.44024571040645,1.5,4,0.7,0.5,0.05,4.35587490098753e-07,1.0000000005294e-13
0.712034303613473,1,4,0.3,2,0.4,0.00622046948125495,1.00000867361738e-13
0.427053236938082,0.6,-1,0.3,2,0.4,0.0118356162958356,1.00001734723476e-13
0.87506636158796,2.5,0,0.5,2,0.4,0.227718205860228,1.55400128928795e-13
2.4575128778466,2.5,1.5,0.5,2,0.2,0.0188550726033369,1e-13
0.219958328828216,1.5,4,0.5,1,0.4,0.0229857986523964,1.31044611326081e-13
2.41834628611105,0.6,4,0.7,0.5,0.05,4.61361681966608e-20,1e-13
0.357944114331622,1,0.5,0.7,0.5,0.05,0.302652147287797,1e-13
2.31148775500478,0.6,0.5,0.5,0.5,0.2,9.0407294031512e-14,1e-13
0.949191170767881,2.5,0.5,0.3,2,0.05,0.12515628824516,1e-13
2.31939789166208,1,1.5,0.7,2,0.4,6.10285290595507e-06,1.00000000847033e-13
1.64493439268554,0.6,0.5,0.7,1,0.4,5.79224823374208e-10,1.00000000000207e-13
1.11899307010463,0.6,-3,0.3,1,0.4,1.23555668247139e-07,1.0000000002647e-13
0.323042902722955,1,-1,0.5,1,0.2,0.776763809726272,1.00111022302463e-13
2.29127800280694,1.5,-0.2,0.3,0.5,0.05,0.00617920816202715,1e-13
2.29441884330008,2.5,-0.2,0.3,2,0.2,0.0235991414470455,1.00003469446952e-13
2.71461949341465,0.6,-0.2,0.7,2,0.2,1.43778871219456e-16,1e-13
2.90053421900375,1,-3,0.5,0.5,0.2,1.80849351937008e-09,1.00000000000414e-13
1.57000703727826,1.5,-3,0.3,1,0.05,0.0025355946916346,1.00000433680869e-13
1.67096798787825,1,-0.2,0.5,1,0.05,0.000541242992415419,1e-13
0.532973695930559,1,-1,0.3,1,0.05,0.155778591270462,1.00027755575616e-13
0.535561013303231,1,1.5,0.7,1,0.2,0.0576740161997554,1.00013877787808e-13
2.36968169353204,1,1.5,0.5,1,0.05,5.37261412222103e-06,1e-13
2.26578458797885,2.5,-1,0.3,2,0.05,0.0233118387799121,1.00006938893904e-13
2.36343337767758,0.6,-1,0.5,0.5,0.05,3.40358183615853e-14,1e-13
1.98034699794371,1,-1,0.7,1,0.2,8.10212488139611e-05,1.00000040657581e-13
1.16540797211928,0.6,0,0.5,1,0.4,6.54171424880277e-07,1.00000000105879e-13
0.0752725539612584,2.5,1.5,0.7,0.5,0.05,6.95777105307801e-09,1.0000000002068e-13
2.86822218338493,0.6,0.5,0.3,0.5,0.05,3.49439674213848e-17,1e-13
2.52391763621708,1.5,-0.2,0.3,0.5,0.05,0.00362684515054722,1.00000867361738e-13
0.67960356582189,2.5,0.5,0.3,0.5,0.05,0.233493953234412,1.00027755575616e-13
1.50940499095013,0.6,-3,0.5,2,0.4,1.41502060355757e-09,1.00000000000827e-13
1.92692055603256,2.5,1.5,0.3,2,0.05,0.0240249666323387,1.00003469446952e-13
2.76721960965078,1.5,-0.2,0.7,1,0.4,0.00150314996821164,1e-13
0.0846449202508666,1,0.5,0.7,2,0.2,0.88093930135597,1e-13
0.838838605582714,1.5,0,0.3,2,0.05,0.095201458529807,1.00013877787808e-13
1.33493770011701,0.6,-3,0.3,2,0.4,1.2801866907043e-08,1.00000000009926e-13
2.49692792947171,1,1.5,0.7,1,0.2,2.12299962138036e-06,1.00000000423516e-13
2.61928491357248,2.5,1.5,0.3,0.5,0.05,0.00357252014243544,1.00001301042607e-13
0.790653430460952,1,4,0.7,0.5,0.4,2.65687560837094e-05,1.00000013552527e-13
1.00685683273477,2.5,0,0.5,1,0.4,0.223499230302676,1.0152655665886e-13
0.953401545167435,0.6,0.5,0.3,0.5,0.05,1.13280217489851e-05,1.00000001694066e-13
0.593632003548555,0.6,0,0.7,2,0.2,0.00122543448529219,1.00000433680869e-13
2.05593332861317,0.6,-3,0.5,1,0.2,1.86883473104428e-13,1e-13
2.31069613725413,1.5,1.5,0.5,1,0.05,0.00170584120651138,1e-13
2.06229006998474,1.5,0,0.3,2,0.05,0.00420913194575463,1e-13
0.666935836931225,2.5,-0.2,0.7,1,0.2,0.302224475302868,1e-13
2.15023409489077,1.5,-0.2,0.7,1,0.2,0.00701863011669553,1.00000867361738e-13
1.83562964719022,0.6,0.5,0.5,1,0.2,5.34965300073708e-11,1.00000000000058e-13
1.05464965486899,1,0,0.7,1,0.05,0.0109585875585595,1.00003469446952e-13
0.171452446770854,0.6,1.5,0.5,1,0.2,0.454431706430329,1.00111022302463e-13
1.23516990275821,1.5,0.5,0.7,1,0.05,0.0474331142744417,1e-13
0.283225954324007,1,-3,0.3,1,0.4,0.464837900440668,1.00277555756156e-13
0.972030318854377,1,0,0.5,2,0.05,0.0129833385133292,1.00001734723476e-13
1.00897401062539,0.6,-1,0.7,0.5,0.4,5.45033092065082e-06,1.00000001694066e-13
0.281181048892904,1,0,0.3,1,0.2,0.592875109002022,1.00111022302463e-13
0.49314832331147,2.5,-3,0.3,2,0.2,0.421771373313919,1.00055511151231e-13
0.49965395530453,2.5,-1,0.7,2,0.2,0.669596903518987,1.17985612998928e-13
2.74459962316323,1.5,0.5,0.7,0.5,0.4,0.00129436038117216,1e-13
2.12164605223807,1.5,1.5,0.3,1,0.2,0.00231628966674056,1.00000433680869e-13
2.4706175500527,2.5,-3,0.3,1,0.2,0.0026806619722684,1e-13
2.01341111757793,1,-0.2,0.3,2,0.4,3.94125593978737e-05,1.00000020328791e-13
0.687746085948311,1.5,-3,0.3,1,0.4,0.080917323994228,1.00194289029309e-13
1.41603408823721,1,-3,0.5,0.5,0.2,6.92806650352702e-05,1.00000027105054e-13
2.16471649283776,1,-1,0.3,1,0.2,2.5642929859265e-05,1.00000006776264e-13
2.47545474000508,0.6,0.5,0.5,2,0.05,4.71641053902741e-15,1e-13
2.4711886840174,1,4,0.3,1,0.2,1.62578458000362e-08,1e-13
0.639836427813862,2.5,0,0.5,2,0.05,0.366171691652746,1.00055511151231e-13
1.82334969755029,1.5,-0.2,0.7,1,0.05,0.0159121766687891,1.00003469446952e-13
1.3180162057397,1,0.5,0.7,2,0.05,0.00163460817924891,1e-13
1.93082657877821,0.6,-3,0.3,0.5,0.4,7.49454158457831e-14,1e-13
1.28907081543002,1,1.5,0.5,1,0.05,0.00144711071495546,1e-13
2.64561661488842,2.5,0,0.7,2,0.2,0.024482343079088,1e-13
0.996147690038197,2.5,-3,0.3,2,0.2,0.0823108592481959,1e-13
0.980172889120877,1.5,-0.2,0.7,2,0.4,0.0882253720501782,1.00013877787808e-13
1.50603764917469,2.5,4,0.7,0.5,0.4,1.89277846169852e-07,1.00022314130083e-13
1.04612737240968,1,4,0.5,1,0.4,8.04886408913457e-05,1e-13
0.707218683511019,1.5,0.5,0.7,2,0.05,0.18109875462678,1.00027755575616e-13
2.49920702272793,0.6,0,0.5,0.5,0.2,8.97450103681392e-15,1e-13
1.63856551260687,0.6,1.5,0.5,2,0.2,4.15421736686968e-10,1.00000000000362e-13
0.34115879010642,1,-1,0.7,2,0.2,0.560256078002921,1e-13
0.373290920373984,1,0,0.5,1,0.05,0.464909082018607,1e-13
1.74287234159419,2.5,4,0.3,2,0.2,0.00511187608008417,1e-13
1.63705623097485,1.5,-0.2,0.7,1,0.4,0.0233332184089934,1e-13
1.4881396863726,1,1.5,0.3,0.5,0.2,0.000294149733556667,1e-13
0.99172890187474,1.5,4,0.7,2,0.4,0.00734653749663865,1.00000867361738e-13
2.05536535003921,0.6,-3,0.3,1,0.05,1.36244288235021e-13,1e-13
2.59164729535114,1.5,4,0.7,2,0.2,0.000151859347912207,1.00000027105054e-13
2.54903067672858,1,0,0.3,0.5,0.2,6.77882942303063e-06,1e-13
0.838457177637611,1,1.5,0.7,2,0.2,0.0151428077176634,1e-13
1.83594004518818,1,-1,0.3,1,0.4,0.000136482337338653,1.00000081315163e-13
2.50131443566643,2.5,4,0.3,2,0.2,0.0023088135262347,1e-13
1.7954072200926,1.5,0,0.3,1,0.4,0.0129412133879266,1.00001734723476e-13
0.636577064415906,2.5,0,0.3,1,0.2,0.342999671599895,1.00055511151231e-13
2.32930864288937,1,-0.2,0.5,1,0.2,1.82074805201691e-05,1e-13
0.419119452708401,1,-0.2,0.7,0.5,0.2,0.355646120865467,1e-13
2.67022222474916,0.6,-1,0.7,1,0.4,3.47131739142365e-16,1e-13
0.962572947959416,0.6,-3,0.5,0.5,0.4,8.78194820342552e-07,1.00000000105879e-13
1.96535523036728,1,0.5,0.3,0.5,0.4,9.16509624120653e-05,1.00000027105054e-13
0.824063439026941,0.6,1.5,0.7,1,0.2,2.86401968776659e-05,1.00000003388132e-13
0.52661200305447,0.6,4,0.3,0.5,0.05,6.23294157189992e-05,1.00000027105054e-13
0.3612455418217,0.6,1.5,0.7,0.5,0.4,0.0181379378960573,1.00003469446952e-13
1.34115715795197,0.6,-1,0.7,2,0.2,2.89664426544927e-08,1.00000000013235e-13
0.163636201189365,0.6,0.5,0.7,1,0.4,0.575583567482293,1e-13
2.8780970741529,0.6,1.5,0.7,0.5,0.05,4.22196249840281e-18,1e-13
1.54783929713303,0.6,-3,0.5,1,0.4,2.95139791259349e-10,1e-13
1.11880647620419,1,0,0.3,0.5,0.4,0.00851083028029002,1.00001734723476e-13
2.64446092864964,2.5,0.5,0.7,0.5,0.4,0.0224122516776062,1e-13
2.27570152017288,1,1.5,0.3,1,0.05,7.52736913642501e-06,1.00000000847033e-13
2.2905522972811,1.5,0,0.5,1,0.2,0.00543342376318154,1.00000867361738e-13
2.6743213877664,0.6,0,0.7,1,0.4,4.2288146640393e-16,1e-13
0.582033032423351,2.5,-3,0.5,1,0.05,0.781159313769901,1.00222044604925e-13
2.37014113531914,1.5,0.5,0.5,1,0.4,0.00351717024918881,1.00000433680869e-13
1.66475536420476,1.5,-1,0.7,0.5,0.4,0.0287842227457531,1.00003469446952e-13
1.51746519686421,2.5,0,0.5,0.5,0.2,0.146586500414714,1.00027755575616e-13
0.370903874840587,1.5,-1,0.3,2,0.4,0.49057818976279,1.00111022302463e-13
1.78086423644563,1,-0.2,0.7,1,0.05,0.00026327936513657,1.00000054210109e-13
2.69710155463545,1,1.5,0.3,1,0.4,8.02588614791626e-07,1e-13
0.603667321964167,1.5,1.5,0.5,2,0.4,0.156882745955948,1e-13
1.61341977114789,1,-0.2,0.3,1,0.2,0.000555322311850223,1.00000108420217e-13
2.02633667637128,0.6,0.5,0.7,2,0.4,1.86680669886395e-12,1e-13
2.35963250623317,0.6,0,0.7,0.5,0.2,5.00593175930463e-14,1e-13
0.603726126661059,0.6,0.5,0.7,1,0.2,0.00123538223708244,1.00000433680869e-13
1.72088253553957,2.5,1.5,0.5,2,0.05,0.0421430454377626,1.00006938893904e-13
0.629978250176646,2.5,0,0.5,0.5,0.4,0.301340257307775,1.58120175339127e-13
0.956858057295904,1.5,-0.2,0.7,2,0.4,0.0945727756204914,1.00013877787808e-13
0.525210910663009,0.6,-3,0.3,1,0.2,0.00130047025128687,1e-13
0.340042407508008,1.5,4,0.7,0.5,0.4,0.00107883345395265,1.00578530279238e-13
0.809809979307465,2.5,-1,0.5,1,0.4,0.453777707167653,1.08659739592076e-13
1.05775537670124,2.5,1.5,0.7,1,0.05,0.0328077305470694,1.00006938893904e-13
2.56943667513551,2.5,-3,0.3,2,0.05,0.00774580405373007,1.00000867361738e-13
0.415593845490366,1.5,0.5,0.7,0.5,0.4,0.242165142195068,1.02137179322403e-13
1.07643391544698,0.6,-1,0.7,1,0.2,1.85069494032465e-06,1.00000000423516e-13
1.00642652095994,1.5,0,0.3,1,0.2,0.0914347800903691,1e-13
1.44199721944751,1,0,0.3,1,0.4,0.00126672362101778,1.00000433680869e-13
2.56103044223273,2.5,1.5,0.7,1,0.4,0.00875142716706115,1e-13
0.999966212850995,1,-1,0.3,1,0.05,0.0119560103815913,1e-13
1.69656413011253,0.6,-1,0.3,1,0.05,2.67907373995969e-10,1.00000000000052e-13
2.13185805811081,1,0.5,0.3,2,0.2,2.13458432197646e-05,1e-13
1.20267531672725,1.5,0.5,0.5,0.5,0.4,0.0579395424370884,1.00006938893904e-13
2.48150030517718,1,-0.2,0.5,0.5,0.4,1.16827143874392e-05,1.00000003388132e-13
2.72426769882441,1,-1,0.5,2,0.2,1.26122951283475e-06,1.00000000423516e-13
1.28049527665135,0.6,4,0.7,0.5,0.05,1.77830151792683e-11,1e-13
0.873439425230026,1.5,4,0.5,2,0.4,0.0127973417968051,1.00001734723476e-13
2.20791930324631,0.6,1.5,0.7,1,0.2,1.08508043539622e-13,1e-13
2.58844580528094,2.5,1.5,0.7,1,0.2,0.00892854742760588,1.00001734723476e-13
1.06099527956685,1.5,4,0.5,1,0.05,0.000412749798237731,1.00000054210109e-13
1.50412042785902,1.5,-3,0.5,1,0.4,0.00582574726080238,1e-13
2.56886717587477,1.5,1.5,0.7,0.5,0.2,0.000224757089337019,1.00000027105054e-13
1.19239635118283,0.6,0.5,0.3,0.5,0.05,4.11578398855775e-07,1.00000000105879e-13
2.193197208934,1,0.5,0.5,1,0.2,3.04396493104558e-05,1.00000010164395e-13
2.06815901569789,1,1.5,0.3,2,0.4,2.18413955923999e-05,1e-13
2.5443222334492,1,0.5,0.7,0.5,0.2,4.76300558062402e-06,1.00000000847033e-13
0.146763922390528,0.6,4,0.7,0.5,0.2,0.0606068382814994,1e-13
2.19896214420442,1,-0.2,0.7,0.5,0.2,4.30044073149394e-05,1.00000006776264e-13
1.45603534813272,1.5,-0.2,0.7,0.5,0.4,0.0463380211589423,1e-13
1.76658134175232,2.5,-3,0.3,1,0.05,0.00887125350739906,1e-13
0.660798893868923,1,0.5,0.5,2,0.4,0.0623283574528965,1.00006938893904e-13
0.135154719941784,1,0.5,0.5,2,0.4,1.40562774576873,1.11768364061027e-13
2.92112035629107,1,-1,0.3,0.5,0.2,5.40043355808128e-07,1e-13
0.77993396371603,2.5,4,0.5,1,0.05,0.000560391729206226,1.00000108420217e-13
0.403049181646202,0.6,4,0.3,2,0.4,0.00362737546225284,1.00000433680869e-13
2.07034289019648,1,0,0.3,0.5,0.05,7.59016009806897e-05,1.00000013552527e-13
2.21617367009167,1,-1,0.3,1,0.2,1.96471670406323e-05,1e-13
0.998929622350261,0.6,0,0.5,1,0.05,7.12762246612711e-06,1.00000000847033e-13
2.44088096303167,1.5,-1,0.5,1,0.2,0.00332273029097029,1e-13
1.20002163037425,0.6,0,0.7,0.5,0.2,4.44564146507622e-07,1.00000000211758e-13
1.80844120646361,2.5,1.5,0.3,1,0.05,0.0215351964975245,1e-13
1.05167404722888,1,-1,0.7,0.5,0.2,0.0148579260990338,1e-13
2.16825936060632,2.5,1.5,0.5,2,0.2,0.0255127118412575,1.00003469446952e-13
2.84439118417213,0.6,-0.2,0.3,2,0.05,2.34597922934085e-17,1e-13
0.290222511265893,1,-1,0.7,2,0.4,0.744120560187587,1.00111022302463e-13
0.744540985766798,1,-0.2,0.3,0.5,0.05,0.0620350725769549,1.00006938893904e-13
1.11951464506565,1,-3,0.7,0.5,0.4,0.000850864948685529,1e-13
1.00946045524906,1,-3,0.7,1,0.2,0.00402378234487913,1e-13
1.27875346525107,0.6,0,0.5,2,0.4,8.30730147414714e-08,1e-13
1.54177840214688,0.6,-1,0.5,2,0.2,2.04178846096465e-09,1.00000000001654e-13
1.87114244481782,2.5,-3,0.7,1,0.4,0.0277449570000551,1.01949829186998e-13
1.77697243905859,1.5,0,0.5,1,0.2,0.0185397378064719,1e-13
2.70273048734525,1.5,0,0.5,1,0.4,0.00196002977087737,1.00000433680869e-13
1.74596303445287,1,-3,0.7,0.5,0.2,7.10696322804947e-06,1.00000003388132e-13
0.974122612155043,1,-3,0.5,0.5,0.05,0.00232180016668115,1.00000433680869e-13
1.46600597485667,1,-0.2,0.5,1,0.2,0.00153784565980974,1.00000216840435e-13
1.80708304703003,1,0,0.7,2,0.4,0.000124263900520236,1.00000054210109e-13
0.248837317188736,1,1.5,0.5,2,0.05,0.498963722847084,1.00055511151231e-13
2.21787641206756,2.5,-0.2,0.3,1,0.2,0.0445858282027067,1.00006938893904e-13
1.94833353894064,1,-3,0.5,2,0.05,3.2721696796865e-05,1e-13
0.248696805455256,1,-3,0.7,0.5,0.4,1.6363628311026,1.04662936703426e-13
2.10754295712104,0.6,-0.2,0.7,0.5,0.05,1.69025608007199e-12,1.00000000000002e-13
1.08031836353475,2.5,0.5,0.5,2,0.2,0.143240430205827,1e-13
0.976518004981335,1,4,0.7,1,0.4,7.73487265692832e-05,1.00000040657581e-13
2.94783481872873,0.6,0,0.3,1,0.2,9.91522660817212e-18,1e-13
2.26284293890931,1,0.5,0.5,0.5,0.2,2.53523707952677e-05,1.00000006776264e-13
2.1293287136592,1,0.5,0.5,2,0.05,2.77486580673034e-05,1.00000003388132e-13
0.707543654413894,1.5,-1,0.7,0.5,0.4,0.397879777660378,1.00055511151231e-13
0.802914136613254,0.6,1.5,0.7,2,0.2,4.24543611075887e-05,1.00000013552527e-13
1.9683230250841,2.5,4,0.7,2,0.05,0.00433033514519616,1.00000867361738e-13
1.8709334149491,1.5,1.5,0.5,1,0.4,0.00458605699744746,1.00000867361738e-13
0.797365042706952,1.5,-1,0.5,0.5,0.2,0.31136803064181,1.00055511151231e-13
1.58043428077362,1,-0.2,0.7,1,0.05,0.00074322940722811,1.00000108420217e-13
0.174852436606307,0.6,-0.2,0.7,0.5,0.4,0.645051059881587,1.00222044604925e-13
1.43901750100777,1,-0.2,0.5,2,0.05,0.00108284433317438,1.00000216840435e-13
2.63486276578624,1.5,-0.2,0.3,1,0.05,0.00190165060023486,1.00000216840435e-13
2.85196785496082,2.5,-0.2,0.5,0.5,0.2,0.0499741329329569,1.00006938893904e-13
2.28021225081757,2.5,-1,0.5,1,0.4,0.0579798556659427,1.00006938893904e-13
2.78279124586843,1,-1,0.5,2,0.4,8.89891118099535e-07,1.00000000211758e-13
1.69290412687697,2.5,-0.2,0.3,0.5,0.2,0.105266793925396,1e-13
1.87707493174821,1,4,0.5,1,0.4,4.68880376044154e-07,1.00000000211758e-13
2.80015815105289,1.5,-3,0.5,0.5,0.4,5.36699677828356e-06,1.00000001694066e-13
2.02987143381033,2.5,-0.2,0.5,2,0.05,0.0482810830876454,1e-13
0.201404557144269,1.5,1.5,0.7,1,0.4,0.119013266609367,2.16698317675912e-13
0.570492763654329,1,0.5,0.7,2,0.05,0.0994445915237635,1.00013877787808e-13
1.67505054628709,1,0.5,0.7,0.5,0.05,0.000385820115927048,1.00000108420217e-13
0.64327545753913,1.5,-3,0.5,1,0.4,0.214652676623409,1.00721644966006e-13
0.0739417510922067,1.5,4,0.3,2,0.2,0.452386138300622,1.09214851104389e-13
2.18204044514569,1,-0.2,0.3,1,0.2,3.0148817865159e-05,1.00000006776264e-13
2.78058023734484,0.6,0.5,0.7,0.5,0.2,1.08882661275039e-16,1e-13
2.78046435537981,0.6,0.5,0.7,1,0.2,8.8380054528288e-17,1e-13
0.609702423657291,1.5,-0.2,0.7,2,0.4,0.282993548511896,1.00333066907388e-13
1.09602095602313,1.5,1.5,0.5,1,0.05,0.0323297831940029,1e-13
0.332320224714931,1,1.5,0.7,0.5,0.2,0.131909750335155,1.00027755575616e-13
0.27500403841259,1.5,-0.2,0.3,1,0.05,0.881118556571163,1.00111022302463e-13
0.611058376927395,2.5,4,0.5,2,0.05,0.021976702553072,1e-13
0.831373299343977,0.6,4,0.5,2,0.05,7.99589994131344e-06,1e-13
0.410298051708378,1,1.5,0.3,1,0.05,0.153475351824373,1e-13
0.0733416766859591,1.5,-1,0.7,1,0.4,0.151964971683737,1.28303748234038e-13
0.119974507403094,2.5,0.5,0.5,2,0.2,0.109607802089804,1.71317951544358e-13
1.21063989108661,1,0,0.3,1,0.2,0.00437237626037519,1.00000867361738e-13
0.52524703075178,1,4,0.5,1,0.2,0.00351987775578696,1e-13
1.13955924820621,0.6,-0.2,0.5,0.5,0.05,1.31313628887035e-06,1.00000000423516e-13
1.347167651169,2.5,0,0.7,0.5,0.2,0.143782776297568,1.00027755575616e-13
2.99144272938138,1,-0.2,0.7,0.5,0.4,7.52475229859635e-07,1.00000000105879e-13
2.46678455186775,2.5,4,0.5,1,0.2,3.81769708695453e-05,1e-13
2.06580350690056,1.5,1.5,0.7,1,0.2,0.00230053899727462,1e-13
1.99181374418549,1,1.5,0.7,0.5,0.2,1.28441314711083e-05,1.00000001694066e-13
1.82119098306866,1.5,-3,0.7,0.5,0.4,0.00053438425785799,1.00000216840435e-13
0.365898603666574,0.6,0,0.7,1,0.2,0.0420046047975417,1e-13
1.93233393104747,1,4,0.3,2,0.4,8.74334252551007e-06,1.00000001694066e-13
0.817623051640112,1.5,-1,0.5,2,0.05,0.158404256843356,1e-13
1.76654949524673,1.5,-3,0.7,1,0.2,0.00296414452001698,1.00000433680869e-13
2.9209744328633,1.5,1.5,0.5,1,0.05,0.000405652118330547,1e-13
2.52659256547922,0.6,-0.2,0.7,1,0.2,3.47795859253584e-15,1e-13
1.99455194335897,0.6,4,0.7,0.5,0.2,6.05624875437804e-17,1e-13
1.23666444664123,0.6,-3,0.5,2,0.05,7.30479033046399e-08,1.0000000005294e-13
0.339959310286213,2.5,-1,0.5,0.5,0.2,0.780718305938803,1.00333066907388e-13
0.992431492137257,1,0.5,0.7,2,0.2,0.00925198352861003,1.00001734723476e-13
2.98759140396724,1,0,0.7,1,0.2,5.26024718043084e-07,1.00000000211758e-13
2.19255149194505,2.5,-1,0.7,1,0.2,0.0771403765833779,1e-13
2.07634451548802,1,-3,0.3,0.5,0.4,2.90233085005978e-07,1.00000000105879e-13
1.90631489158841,0.6,-0.2,0.3,0.5,0.4,2.44693946433353e-11,1.00000000000013e-13
2.42008212672081,0.6,-3,0.3,1,0.2,7.19828136870604e-16,1e-13
1.65242469684454,0.6,-0.2,0.7,1,0.05,6.63834127870577e-10,1.0000000000031e-13
2.59231039583683,0.6,1.5,0.7,2,0.05,5.83344295154872e-16,1e-13
2.95337536340812,1,0.5,0.5,1,0.2,6.42456984531322e-07,1.00000000105879e-13
1.7887439202168,1.5,-1,0.3,0.5,0.05,0.013898810441282,1.00001734723476e-13
0.214503696770407,1.5,-3,0.3,2,0.4,1.26134919898592,5.25215418431435e-13
1.60519964654231,1.5,4,0.3,0.5,0.05,8.32314699632758e-07,1.00000000317637e-13
1.87649607621133,2.5,-3,0.5,2,0.2,0.032450382316914,1e-13
0.528954160853755,0.6,-1,0.5,2,0.4,0.00353119472064906,1e-13
2.82434894654434,0.6,0.5,0.5,2,0.05,3.71650499632075e-17,1e-13
0.330112748662941,1,-0.2,0.5,1,0.4,0.592416797315197,1e-13
2.4434065435431,0.6,-0.2,0.7,0.5,0.4,1.52844870399362e-14,1e-13
2.97973720234586,0.6,-1,0.5,1,0.05,5.97761697250234e-18,1e-13
1.95077055078,1,-3,0.3,0.5,0.2,6.98571206702892e-07,1.00000000317637e-13
0.796020682097878,1,-0.2,0.5,0.5,0.2,0.061171543409838,1.00006938893904e-13
0.662625742843375,1.5,0,0.3,1,0.2,0.22143702892835,1e-13
2.46706069594948,2.5,-3,0.5,1,0.05,0.00578531213794474,1e-13
0.851587748224847,1,-1,0.5,0.5,0.05,0.0465064305042334,1.00006938893904e-13
2.50629829908721,2.5,0.5,0.5,0.5,0.4,0.0324930208827133,1e-13
1.6455034001614,2.5,4,0.5,1,0.2,0.000118141188775158,1.00000040657581e-13
2.84094406060176,1,-3,0.7,2,0.4,2.48696491950155e-07,1.0000000005294e-13
2.47461129664443,0.6,1.5,0.7,1,0.2,2.6565848607953e-15,1e-13
2.90199137487216,1,-3,0.7,2,0.4,1.8105606782241e-07,1.0000000005294e-13
2.77560579064302,0.6,0,0.3,2,0.05,6.10214696474004e-17,1e-13
2.28847381928936,1.5,1.5,0.3,2,0.05,0.00176906301949886,1.00000433680869e-13
1.540240939043,2.5,4,0.3,1,0.4,0.000196273733563278,1.0000276471554e-13
2.67066285301698,1,0,0.3,1,0.05,2.53507959707215e-06,1.00000000423516e-13
0.448910970590077,0.6,0,0.3,1,0.2,0.0124147605358437,1.00001734723476e-13
0.435210866399575,1.5,4,0.3,0.5,0.05,0.00409128813906393,1.00000867361738e-13
2.77238777495222,1.5,-0.2,0.7,1,0.2,0.00157365857137768,1.00000216840435e-13
2.25671373046935,1,4,0.3,0.5,0.05,1.34315205031138e-10,1.00000000000052e-13
0.206843794137239,1.5,0,0.5,0.5,0.4,0.82223557330174,1.34194869158455e-13
2.66985340394313,1,0,0.3,2,0.05,1.43141262972267e-06,1.00000000423516e-13
0.37368931901874,0.6,4,0.5,0.5,0.05,0.00108895484395906,1.00000216840435e-13
1.79855595387053,1,-0.2,0.7,2,0.05,0.000141489650371234,1.00000108420217e-13
0.880864854308311,2.5,-3,0.5,0.5,0.2,0.227148370095346,1.00055511151231e-13
1.04627088567941,2.5,-1,0.3,2,0.2,0.121546914129823,1e-13
1.51952304393053,2.5,-1,0.7,0.5,0.2,0.258056547480587,1e-13
1.80272716199979,1.5,0.5,0.5,1,0.4,0.0134245213779324,1.00003469446952e-13
1.30184454044793,2.5,4,0.3,2,0.05,0.00892465123038645,1e-13
0.908326121629216,1.5,-1,0.7,0.5,0.2,0.245541860853424,1.00027755575616e-13
0.192121309007052,2.5,0.5,0.5,2,0.05,0.310789131279343,1.00055511151231e-13
0.959559797076509,0.6,-3,0.5,1,0.2,2.13028540829751e-06,1e-13
2.63683730888879,1,0.5,0.3,2,0.05,1.62563386042001e-06,1e-13
2.63941331246169,0.6,-3,0.3,0.5,0.4,1.12102246313429e-18,1e-13
0.768971324455924,0.6,-3,0.3,0.5,0.2,1.47936368054426e-05,1.00000005082198e-13
2.95409822949441,2.5,1.5,0.3,0.5,0.2,0.00236108243975788,1.00000433680869e-13
2.66518795131706,1.5,-3,0.3,0.5,0.2,4.40393711028857e-06,1.00000001694066e-13
0.178947249799967,1.5,1.5,0.5,1,0.4,0.332367967414823,8.04880598334512e-13
1.155258859077,1,1.5,0.3,0.5,0.05,0.00193955516861296,1.00000433680869e-13
0.211388914694544,1,0,0.5,2,0.4,1.01302019843711,1.0044408920985e-13
2.31469320682809,0.6,0.5,0.7,1,0.2,5.59510313719747e-14,1e-13
0.491043399518821,2.5,-1,0.3,0.5,0.2,0.749829287574697,1e-13
2.9022042387398,1.5,4,0.5,2,0.4,8.68941329594427e-05,1e-13
1.89872977528721,1.5,0,0.5,0.5,0.05,0.0187210427095426,1e-13
0.363095171563327,0.6,-3,0.5,0.5,0.05,0.0296719868770243,1.00003469446952e-13
0.601775713299867,1.5,0,0.5,1,0.05,0.351004856725716,1.00055511151231e-13
2.47355026045116,1,0,0.5,1,0.4,8.18593713232132e-06,1.00000003388132e-13
1.97661836942425,0.6,-3,0.5,1,0.2,5.88976289677413e-13,1.00000000000001e-13
0.381304338038899,1,-3,0.3,1,0.2,0.192298925317886,1e-13
1.80080652222969,0.6,0,0.7,2,0.2,4.81351155161868e-11,1.00000000000032e-13
1.46452927603386,2.5,0,0.5,2,0.05,0.095179866847327,1e-13
1.03358057726873,2.5,0.5,0.3,0.5,0.05,0.136590728548423,1e-13
0.894651887658984,2.5,1.5,0.5,2,0.2,0.119792577847475,1.00027755575616e-13
0.911013300181367,1,-3,0.5,0.5,0.05,0.00390403690857901,1.00000867361738e-13
0.347860084485728,1.5,-0.2,0.3,1,0.05,0.64470043522344,1.00111022302463e-13
0.324474439071491,2.5,4,0.7,1,0.4,0.000219302233769033,1.41401452578749e-13
0.901821703300811,0.6,-1,0.5,0.5,0.4,2.82139121666067e-05,1e-13
2.26964075912256,2.5,0,0.5,1,0.05,0.0587752111442738,1.00006938893904e-13
2.76105514105875,2.5,0,0.7,1,0.05,0.0354473070012196,1.00006938893904e-13
2.95492788227275,0.6,0,0.7,0.5,0.2,1.36654966230023e-17,1e-13
0.870276483264752,2.5,0.5,0.3,2,0.4,0.139500570620037,1.06050715484207e-13
1.04845708447974,0.6,0.5,0.3,2,0.2,1.69597961118518e-06,1.00000000211758e-13
0.199520763463806,1,0.5,0.3,1,0.4,0.800956446543744,1e-13
0.307653332687914,0.6,1.5,0.5,0.5,0.2,0.0588920814891339,1.00006938893904e-13
1.04514372914564,0.6,0,0.5,0.5,0.4,4.40135788397788e-06,1e-13
0.790562508639414,1.5,-1,0.5,0.5,0.05,0.321050256204015,1e-13
1.12037069556536,0.6,1.5,0.5,1,0.4,5.47699882053979e-07,1.00000000211758e-13
2.23927606664365,1,4,0.7,2,0.05,1.76108022775219e-06,1.00000000847033e-13
2.13459784528241,0.6,0,0.5,0.5,0.4,1.30212347925084e-12,1e-13
2.35021181727061,0.6,0,0.5,0.5,0.4,6.6594907649374e-14,1e-13
1.2336833084817,2.5,-0.2,0.7,2,0.05,0.163139923161291,1.00027755575616e-13
2.98903096822323,1.5,0.5,0.7,0.5,0.4,0.000741897331749174,1.00000108420217e-13
1.02647205272224,0.6,1.5,0.7,2,0.05,1.82692878903325e-06,1e-13
0.301362169731874,0.6,1.5,0.3,0.5,0.05,0.0622370942061962,1.00020816681712e-13
2.57067955909297,1,-0.2,0.7,2,0.4,2.39460340976682e-06,1.00000000847033e-13
1.59293777823914,0.6,4,0.5,2,0.4,1.53046446288522e-10,1.00000000000052e-13
2.9912516647717,1.5,-3,0.5,0.5,0.4,2.50398486286181e-06,1.00000000423516e-13
1.29456769153476,1,4,0.5,0.5,0.05,4.14718119117192e-07,1e-13
0.724456342682242,2.5,0.5,0.5,1,0.4,0.206414724972225,1.04746203430273e-13
0.355505555018317,1,1.5,0.3,1,0.4,0.193525226604835,1e-13
2.70169848843943,1.5,-1,0.3,0.5,0.4,0.00134428635620424,1.00000216840435e-13
0.798839256505016,0.6,-0.2,0.3,1,0.2,9.285405494952e-05,1e-13
1.26939885610482,0.6,-3,0.5,1,0.05,1.96411241474338e-08,1.00000000006617e-13
