"t","a","v","w","sv","sw","wienr","err","dv","dsv","da","dw","dsw"
0.545722502702847,0.6,-1,0.7,0.5,0.05,0.004328512233696,1e-13,0.000479670088866155,-0.00101258887029878,0.096449830384364,-0.00736261392992367,-0.000218606787549206
2.43217337726383,0.6,0,0.7,0.5,0.05,1.8702878437865e-14,1e-13,-4.88168556141213e-15,-1.35067360238554e-14,2.01700611870499e-12,-4.19593826463294e-14,-7.78916938497018e-16
1.18557993655559,1.5,-3,0.7,2,0.2,0.0343065098701545,1.00006938893904e-13,0.0149900938911716,-0.00105105679733586,0.102984967494517,-0.0173116185267257,-0.00787260927520909
1.01681623563636,1.5,-0.2,0.5,0.5,0.05,0.15706514979918,1e-13,-0.068473344793288,-0.0487193918458431,0.281891233045946,0.0702018954032759,-0.00603777269282568
1.8261969905463,0.6,-1,0.3,2,0.05,3.03414906381174e-11,1.00000000000013e-13,6.01327088872888e-12,-1.09604355472103e-11,2.43255981250705e-09,7.3015667680846e-11,-1.15264990615218e-12
1.83296245941892,1.5,4,0.3,1,0.05,3.73144169728852e-05,1.00000006776264e-13,-0.000102500451452124,0.000257421832219984,0.000136240645229557,1.52527844228999e-05,-2.19962898866428e-06
0.417668660508934,2.5,1.5,0.3,2,0.4,0.258544963923387,1.00333066907388e-13,-0.135002267105254,0.0655510820244411,-0.00282825773324334,0.182493760445382,-0.154549385455473
0.919072726520244,2.5,-3,0.5,2,0.4,0.202776462379078,4.12638803734444e-13,0.0614069962471585,-0.0411093367532043,0.123108967805662,0.542921644675121,0.0101010731849768
1.7539492610842,1.5,0,0.3,2,0.4,0.0085359343606188,1e-13,-0.0005357090608516,-0.00366137392954837,0.0331954570042851,0.0221056203638842,-0.00210786703697016
1.91138885947876,2.5,4,0.5,1,0.2,7.98532324696378e-05,1.00000013552527e-13,-0.000243424033137891,0.000689818626850344,-4.33067426472384e-06,-0.0001940372697978,-2.38049261566479e-06
1.56044689776609,1.5,-3,0.7,0.5,0.05,0.00212712875860462,1e-13,0.00555603580437327,0.0060625217904507,0.0103641492286914,0.00260908244460326,-0.000116972613250456
1.53982054676162,1.5,-0.2,0.7,1,0.4,0.0297494312885633,1.00006938893904e-13,-0.0082925946865026,-0.0156009850898227,0.104117904302676,-0.0512099957264641,-0.0124237978969617
1.62540429269429,1,1.5,0.7,2,0.2,0.000232688687857679,1.00000081315163e-13,-9.71189130801875e-05,-1.97379288653722e-05,0.00329516853893279,-0.000493713947521565,-3.95197746333761e-05
1.69388583528344,2.5,-0.2,0.5,0.5,0.05,0.147527199196425,1.00027755575616e-13,-0.0944745423474886,-0.057478830459174,0.0663031467429947,0.0990975162936862,-0.00514599937310956
2.61036248855526,0.6,-3,0.3,1,0.4,4.6032488428512e-17,1e-13,9.7266223831905e-17,1.72254760126809e-16,5.35091317055966e-15,1.24625092952447e-16,-1.1196840602678e-17
2.49764064528281,2.5,-3,0.5,2,0.4,0.0137391961121989,1.0000867361738e-13,0.00773350297525006,0.00247922002755666,0.0161656649096864,0.0219356999591048,-0.00238182045818111
0.37877500251634,1.5,-1,0.5,0.5,0.05,1.02967016726227,1e-13,-0.349346251178514,-0.118673834008595,0.289716867635425,0.600759284651285,-0.0420275084938826
2.12588065871969,0.6,-0.2,0.3,0.5,0.05,1.25690623820408e-12,1e-13,2.00976554745757e-13,-8.56287117542797e-13,1.17962933213698e-10,2.98919244027522e-12,-4.90574425546995e-14
2.6975903798826,1.5,0,0.7,2,0.05,0.00106752662704729,1e-13,-9.50199108706082e-05,-0.000471569636339077,0.00726399022296456,-0.00186830426145584,-5.01229609952466e-05
0.875211033574306,1,-0.2,0.3,1,0.4,0.0245157084825115,1.00003469446952e-13,-0.00208407176120797,-0.0111844376369077,0.165225658400192,0.061601040918038,-0.00679836667811039
0.723195549787488,1.5,4,0.7,2,0.4,0.0147949405388039,1.00001734723476e-13,-0.0148036594409414,0.0241792951859797,0.0102947066214588,-0.0350100677396568,-0.00387780162717729
0.0952231829171069,1,4,0.5,0.5,0.2,0.132564133553622,1.00027755575616e-13,-0.111176908137041,0.04064374295201,-0.42902336258814,-0.886765214738915,0.06996780872286
0.430495597887784,2.5,-0.2,0.5,0.5,0.4,0.400016419819385,7.80566714095221e-13,-0.377655550638228,0.111651755008313,-0.259988415966728,-1.2630727304306,-0.0465459562936779
0.325476689112838,0.6,-3,0.7,2,0.4,0.05224247037361,1.00013877787808e-13,0.0128585987121692,-0.00835840125651389,0.675374341903875,-0.069754176879957,-0.0250270702172498
0.748810772038996,0.6,-1,0.3,1,0.05,0.00016788076031113,1e-13,5.45719346834167e-05,-5.41402005453287e-05,0.00521852602150068,0.000450959676033743,-5.35482460553951e-06
2.38388485794421,2.5,4,0.5,2,0.4,0.00306714033066824,1.00000433680869e-13,-0.00314172943128133,0.00505266468483034,0.00235003067716558,0.000536470661585333,-0.000814776008179617
1.81920811877353,0.6,1.5,0.7,2,0.2,2.69598024781435e-11,1.00000000000013e-13,-1.02416133899924e-11,-4.0690930504125e-12,2.15154062881342e-09,-6.12375230115845e-11,-4.4151238619719e-12
2.73493574726162,2.5,-3,0.5,2,0.4,0.010273761152166,1e-13,0.00593926466273732,0.00217159002970054,0.0132960820395534,0.0151616785954842,-0.00197805123190623
1.70325243409025,1,0.5,0.3,1,0.2,0.000302417503091541,1e-13,-0.000129664887199984,-0.000134816672010489,0.00447267128128786,0.000669857602544122,-4.99612973665239e-05
2.27932906904025,2.5,-0.2,0.5,0.5,0.05,0.0854982789356122,1e-13,-0.0432727099807001,-0.0510966736122496,0.0686626442030277,0.0648087552072548,-0.00295934848458745
1.16855707885698,1.5,1.5,0.5,1,0.05,0.0269880546033501,1e-13,-0.0311461683627065,0.0214047328573701,0.0515777934633158,-0.0141298921620469,-0.000962916024594418
1.15117888185196,2.5,0.5,0.3,1,0.2,0.113608866261485,1e-13,-0.0708907211747058,-0.0160636577938325,0.0283451413959197,0.227866502281303,-0.0188965564683363
0.552357396506704,1,1.5,0.7,1,0.2,0.0526853526063343,1e-13,-0.0515600024241259,0.0317825931432897,0.162446546730858,-0.146496829165023,-0.00583823124616578
1.38725660468917,0.6,-0.2,0.5,2,0.05,1.9398223232261e-08,1.00000000013235e-13,-6.68366626886092e-11,-8.21758272376761e-09,1.1670168724536e-06,2.48307667162154e-09,-7.78977560519598e-10
0.812321183353197,1.5,1.5,0.3,2,0.4,0.0670293371718803,1.00013877787808e-13,-0.0270837927000084,-0.00354489097563578,0.0778115792813327,0.160589463930426,-0.0179354568599184
1.04198455936275,2.5,-1,0.3,0.5,0.4,0.240549132375157,1.02442490654175e-13,0.032230778631111,-0.0921414850236234,0.105788403350644,0.854896370566668,-0.00953519032381486
2.67426995228743,1.5,1.5,0.7,1,0.4,0.000526927859131941,1e-13,-0.00071864890447393,0.000597627188454668,0.00337291400225211,-0.00129038025571448,-0.000152406436333455
0.645741581532639,0.6,0,0.3,0.5,0.2,0.000925867936776979,1.00000216840435e-13,-0.000147191186489278,-0.000245285682942033,0.0242437914065778,0.00213428387223005,-0.000150479182121593
1.75859882617369,0.6,-1,0.3,0.5,0.05,1.23106504340305e-10,1.00000000000052e-13,1.34959188736922e-10,-1.2114028671682e-12,9.50872841352243e-09,3.34442232792623e-10,-3.91504822424299e-12
0.662514488189481,2.5,-1,0.7,0.5,0.2,0.547321421510212,1.00111022302463e-13,-0.502077197125128,0.0788325817343763,-0.292600501428554,-1.18165967450559,-0.0680043004613179
0.880332937440835,0.6,0.5,0.3,1,0.05,2.67890068243572e-05,1.00000003388132e-13,-8.83936490740615e-06,-9.62483291221802e-06,0.000986916565820959,5.84214403947093e-05,-1.1316864017503e-06
2.36952955204761,1,0.5,0.7,1,0.05,1.02540130147489e-05,1e-13,-5.73422808162027e-06,-4.00398331377619e-06,0.000219721002934452,-2.27994829182653e-05,-4.20630459069492e-07
0.560407080559526,1,4,0.5,1,0.4,0.00260867045134777,1e-13,-0.00453650076927965,0.00696520168981234,0.00645170765710368,-0.00512013304472741,-0.000444088193896528
1.73370517872972,2.5,-1,0.7,1,0.4,0.132786311050841,1.00277555756156e-13,-0.000389751000454687,-0.082847596174499,0.117101371554697,-0.0614942198966026,-0.0667082181401448
1.28688474163646,1,-1,0.5,0.5,0.4,0.00412343253006241,1e-13,0.00242143458282298,-0.00128158441154095,0.0459315711629252,0.00304388146396257,-0.00128202439333896
0.839485387189779,1.5,0.5,0.3,2,0.2,0.0872808587724389,1e-13,-0.0176894940140422,-0.0263893393750263,0.112310089165745,0.234568594426177,-0.00866387564150667
0.191037853329908,1.5,0.5,0.3,0.5,0.05,0.996511732714046,1e-13,-0.518614124361558,0.044316458773,-0.151195087828068,-0.740939396372428,-0.0905301655904145
0.355304509098642,0.6,-1,0.3,1,0.05,0.047120735252214,1e-13,0.0060827339741007,-0.0115659689263133,0.620268333566464,0.132098350854407,-0.00136452148268268
0.976392794214189,1.5,-1,0.3,0.5,0.05,0.118181531901868,1e-13,0.0498969894289588,-0.0358243411443125,0.215494784911636,0.425876246072097,-0.000816623050478582
2.41189113350119,0.6,0,0.7,0.5,0.4,2.31458056888575e-14,1e-13,-5.79751066586129e-15,-1.66680562035902e-14,2.47464002266713e-12,-5.21488806703193e-14,-7.92977643744001e-15
0.726507851493079,0.6,0.5,0.7,2,0.05,0.000171077955329559,1e-13,-3.42937634112542e-05,-4.98892491990012e-05,0.00514499564722275,-0.000359601370180564,-7.34283907093862e-06
0.678345400129911,1,1.5,0.5,0.5,0.4,0.0271945344843117,1e-13,-0.0349404981218872,0.0146843351992117,0.112201083062594,-0.0277552129371568,-0.00790582991416392
2.63744767231401,0.6,-3,0.5,1,0.4,4.23701309038459e-17,1e-13,8.86230162071262e-17,1.54660042560171e-16,4.98446582583392e-15,1.99747894297683e-17,-1.3824225246634e-17
2.98000479170587,1,-0.2,0.5,2,0.4,3.50776488871793e-07,1e-13,2.54804867888493e-09,-1.61723255704613e-07,9.64677988590628e-06,5.18745518278978e-08,-1.15032939725556e-07
2.54052870855667,1.5,-1,0.7,2,0.4,0.00141693163495716,1e-13,0.000193620354763546,-0.00059147045594873,0.0090815175751712,-0.00248028386465072,-0.000588040767242446
2.73578782021068,1,-3,0.7,2,0.2,4.56323451120956e-07,1.00000000211758e-13,2.87073720161329e-07,1.52159969573612e-07,1.15622329239592e-05,-8.32141312297271e-07,-8.8493174729799e-08
1.44024571040645,1.5,4,0.7,0.5,0.05,4.35587490098753e-07,1.0000000005294e-13,-2.18071693267823e-06,5.22817067414796e-06,4.16416359805046e-07,-2.78469568662293e-06,4.76862691440092e-08
0.712034303613473,1,4,0.3,2,0.4,0.00622046948125495,1e-13,-0.00512586376804868,0.0061557783763078,0.0299438242427633,0.0107796635751461,-0.00256279317600841
0.427053236938082,0.6,-1,0.3,2,0.4,0.0118356162958356,1e-13,0.000985888372722234,-0.00355506356914646,0.194269050002151,0.0308270025486631,-0.00304225122583609
0.87506636158796,2.5,0,0.5,2,0.4,0.227718205860228,1.55400128928795e-13,-0.0652438554842326,-0.0493811496809118,0.0567177935171182,0.262917882857472,-0.036875569931098
2.4575128778466,2.5,1.5,0.5,2,0.2,0.0188550726033369,1e-13,-0.00860509127474989,-0.000696021389547781,0.0173177785443668,0.0141705776798209,-0.0022312028893182
0.219958328828216,1.5,4,0.5,1,0.4,0.0229857986523964,1.31044611326081e-13,-0.028477601110746,0.0314520460499527,-0.040316347434399,-0.13711367887455,0.0199608698619316
2.41834628611105,0.6,4,0.7,0.5,0.05,4.61361681966608e-20,1e-13,-2.90198469243288e-19,8.7791408401831e-19,4.86597677069215e-18,-1.7229184886641e-19,-2.02158808237892e-22
0.357944114331622,1,0.5,0.7,0.5,0.05,0.302652147287797,1e-13,-0.244020382839595,0.0486828032992309,0.362746917294126,-0.796341003651634,-0.00985005666223837
2.31148775500478,0.6,0.5,0.5,0.5,0.2,9.0407294031512e-14,1e-13,-8.3391450570862e-14,-2.77391054257587e-14,9.23513560643365e-12,-1.41295750770856e-14,-1.48482163098585e-14
0.949191170767881,2.5,0.5,0.3,2,0.05,0.12515628824516,1e-13,-0.0319880233319378,-0.0331668054831168,0.0404441788523646,0.332470468239545,-0.00286120872291518
2.31939789166208,1,1.5,0.7,2,0.4,6.10285290595507e-06,1.00000000847033e-13,-2.46382598648944e-06,-7.63796779986659e-07,0.000127995559167509,-1.33891698909351e-05,-2.11431855665176e-06
1.64493439268554,0.6,0.5,0.7,1,0.4,5.79224823374208e-10,1.00000000000207e-13,-2.67953822801828e-10,-2.35926738524272e-10,4.1591619636815e-08,-1.33290450274665e-09,-1.917362868785e-10
1.11899307010463,0.6,-3,0.3,1,0.4,1.23555668247139e-07,1.0000000002647e-13,1.83789892878677e-07,2.08253110016596e-07,5.96974563129269e-06,3.71811649411001e-07,-2.08132887278278e-08
0.323042902722955,1,-1,0.5,1,0.2,0.776763809726272,1.00111022302463e-13,-0.105880872408636,-0.173769175589442,1.36623474964732,0.775693312949931,-0.105813611991496
2.29127800280694,1.5,-0.2,0.3,0.5,0.05,0.00617920816202715,1e-13,2.92654388212849e-05,-0.00450027098609177,0.0335341174208775,0.0159410297330792,-0.00020768402265595
2.29441884330008,2.5,-0.2,0.3,2,0.2,0.0235991414470455,1e-13,-0.000733450689100458,-0.0105854647688929,0.0187500499372058,0.0710710207449956,-0.00143883967020942
2.71461949341465,0.6,-0.2,0.7,2,0.2,1.43778871219457e-16,1e-13,1.54388737443754e-18,-6.57916170371968e-17,1.73705232711288e-14,-3.15319860771475e-16,-2.45589377098468e-17
2.90053421900375,1,-3,0.5,0.5,0.2,1.80849351937008e-09,1.0000000000062e-13,8.59167750475168e-09,1.88890490001292e-08,4.9814110614717e-08,3.16927747002636e-09,-1.99109870174061e-10
1.57000703727826,1.5,-3,0.3,1,0.05,0.00253559469163461,1.00000433680869e-13,0.00420165631134518,0.00541363064908173,0.00928822200265758,0.0108783193847275,4.47307462167652e-05
1.67096798787825,1,-0.2,0.5,1,0.05,0.000541242992415419,1e-13,-3.3609942872549e-05,-0.000336500833406926,0.00791456060534964,0.000141566750741562,-2.12692678795657e-05
0.532973695930559,1,-1,0.3,1,0.05,0.155778591270462,1.00027755575616e-13,0.023608274339598,-0.0505684086168732,0.54978719410919,0.486729295425652,-0.00302712931878057
0.535561013303231,1,1.5,0.7,1,0.2,0.0576740161997554,1.00013877787808e-13,-0.0561124252796405,0.0345566934050149,0.167898420732822,-0.160726131831399,-0.00634800996459326
2.36968169353204,1,1.5,0.5,1,0.05,5.37261412222104e-06,1.00000000847033e-13,-6.46442457777842e-06,3.99999276024001e-06,0.000114111690555348,-1.59121683772739e-06,-2.12429915332704e-07
2.26578458797885,2.5,-1,0.3,2,0.05,0.0233118387799121,1e-13,0.00350750653842589,-0.00944156150599742,0.018592429655838,0.0752489982839949,-0.000221608888821556
2.36343337767757,0.6,-1,0.5,0.5,0.05,3.40358183615855e-14,1e-13,4.41453007879402e-14,3.34689314209268e-15,3.57362688897348e-12,1.3771310130406e-14,-1.36895926476211e-15
1.98034699794371,1,-1,0.7,1,0.2,8.10212488139611e-05,1.00000040657581e-13,3.49645250636961e-05,-3.87176079449572e-05,0.00145359753030104,-0.00014122356623464,-1.61273933936956e-05
1.16540797211928,0.6,0,0.5,1,0.4,6.54171424880276e-07,1e-13,-9.0820308514488e-08,-3.38828266215815e-07,3.27021991563996e-05,4.7133865829443e-08,-2.17741730520194e-07
0.0752725539612584,2.5,1.5,0.7,0.5,0.05,6.95777105307801e-09,1.0000000002068e-13,-1.25379664626449e-08,1.10426850297786e-08,-1.12047897230187e-07,-4.06320614685124e-07,8.60937440823957e-08
2.86822218338493,0.6,0.5,0.3,0.5,0.05,3.49439674213848e-17,1e-13,-3.28543397734844e-17,-1.37404578823813e-17,4.46037550275139e-15,7.4222052249895e-17,-1.53208328960999e-18
2.52391763621708,1.5,-0.2,0.3,0.5,0.05,0.00362684515054722,1e-13,0.000120037180834816,-0.00280394053954775,0.0221422491524396,0.00931803819404339,-0.00012291842205173
0.67960356582189,2.5,0.5,0.3,0.5,0.05,0.233493953234412,1.00027755575616e-13,-0.217498185550053,0.0335908735674935,-0.00272472025544996,-0.0199746415556254,-0.0184699659152415
1.50940499095013,0.6,-3,0.5,2,0.4,1.41502060355757e-09,1.00000000000827e-13,8.49602070290504e-10,4.13512250760909e-10,9.33085709865788e-08,4.39433502009927e-10,-4.64286475507673e-10
1.92692055603256,2.5,1.5,0.3,2,0.05,0.0240249666323387,1.00003469446952e-13,-0.010047759116474,-0.00222775360996098,0.0133674930961709,0.0627075661948799,-0.000565606395528523
2.76721960965078,1.5,-0.2,0.7,1,0.4,0.00150314996821164,1e-13,-0.000182854198942668,-0.0010790785661602,0.0104928542598178,-0.00286313308177609,-0.000593063347109932
0.0846449202508666,1,0.5,0.7,2,0.2,0.88093930135597,1e-13,-0.477561231121187,0.409429719537782,-2.97495307341952,-4.3866206845869,0.202190792117231
0.838838605582714,1.5,0,0.3,2,0.05,0.095201458529807,1e-13,-0.00985587069879921,-0.0346261036222446,0.124993831983436,0.272412948967215,-0.00195175366275308
1.33493770011701,0.6,-3,0.3,2,0.4,1.2801866907043e-08,1.00000000009926e-13,7.68058550694266e-09,3.82741519838342e-09,7.40832447200142e-07,3.29084930146206e-08,-3.47585532963264e-09
2.49692792947171,1,1.5,0.7,1,0.2,2.12299962138037e-06,1.00000000423516e-13,-2.69371618584168e-06,1.90252036842129e-06,4.77350793762969e-05,-5.31199077133195e-06,-3.02476604027665e-07
2.61928491357248,2.5,1.5,0.3,0.5,0.05,0.00357252014243544,1.00001301042607e-13,-0.0101014471738747,0.011454647339388,0.00228648838117724,0.00102025714597629,-0.000210347086232335
0.790653430460952,1,4,0.7,0.5,0.4,2.65687560837094e-05,1.00000013552527e-13,-8.42248390655828e-05,0.000124821144986325,0.000100202865604991,-0.000130246051180524,1.0976768321101e-05
1.00685683273477,2.5,0,0.5,1,0.4,0.223499230302676,1.0152655665886e-13,-0.140745589030787,-0.0190793480323679,0.0252102542747225,0.091658822170031,-0.0586233389353889
0.953401545167435,0.6,0.5,0.3,0.5,0.05,1.13280217489851e-05,1.00000001694066e-13,-6.00964194328819e-06,-2.76633419569245e-06,0.000454477174860181,2.33671064883542e-05,-5.07868458904062e-07
0.593632003548555,0.6,0,0.7,2,0.2,0.00122543448529219,1.00000433680869e-13,-0.000151060759285501,-0.00039365206203461,0.029576383231122,-0.00245308281492334,-0.000220967587086641
2.05593332861317,0.6,-3,0.5,1,0.2,1.86883473104428e-13,1e-13,3.58763034582876e-13,5.63017342045434e-13,1.70345635359598e-11,1.17122867901829e-13,-2.93153841889092e-14
2.31069613725413,1.5,1.5,0.5,1,0.05,0.00170584120651138,1e-13,-0.00217226849931876,0.00157571397542969,0.00905925080485055,-0.00057855287153367,-6.45364988502038e-05
2.06229006998474,1.5,0,0.3,2,0.05,0.00420913194575463,1.00000867361738e-13,-0.000205153367078377,-0.00185698025876645,0.0200197235764176,0.0108343506673964,-0.000131244376441637
0.666935836931225,2.5,-0.2,0.7,1,0.2,0.302224475302868,1e-13,-0.289612620620705,0.158820280950282,-0.171110393100103,-0.692600694125797,-0.0228550313378537
2.15023409489077,1.5,-0.2,0.7,1,0.2,0.00701863011669553,1.00001734723476e-13,-0.00136206464054076,-0.00452116192740645,0.0367057172991708,-0.0120838878970304,-0.00136441539711282
1.83562964719022,0.6,0.5,0.5,1,0.2,5.34965300073706e-11,1.00000000000039e-13,-2.29735215642579e-11,-2.4757075873492e-11,4.30683483272235e-09,-2.18985925123423e-12,-8.74652984190575e-12
1.05464965486899,1,0,0.7,1,0.05,0.0109585875585595,1.00003469446952e-13,-0.00373132923327417,-0.00435399854263271,0.094761883535464,-0.0212934086576723,-0.000494448970248459
0.171452446770854,0.6,1.5,0.5,1,0.2,0.454431706430329,1.00111022302463e-13,-0.215662793318254,0.0362304318508498,1.81425971494972,-0.275047068394592,-0.0700980304729368
1.23516990275821,1.5,0.5,0.7,1,0.05,0.0474331142744417,1e-13,-0.0353755277101954,0.000175587838003893,0.115893165166703,-0.0909747916310718,-0.00205565350382714
0.283225954324007,1,-3,0.3,1,0.4,0.464837900440668,1.00277555756156e-13,0.1780214966352,-0.0314825129574426,0.901662883350634,1.98876189762303,0.0953759094287525
0.972030318854377,1,0,0.5,2,0.05,0.0129833385133292,1.00001734723476e-13,-0.00132827618976433,-0.00489161125371019,0.101248907751811,0.00530208528131041,-0.000480897367571495
1.00897401062539,0.6,-1,0.7,0.5,0.4,5.45033092065082e-06,1.00000001694066e-13,2.62895383621658e-06,-1.55433188824779e-06,0.000236349686134403,-1.01704652884737e-05,-2.25648223832636e-06
0.281181048892904,1,0,0.3,1,0.2,0.592875109002022,1.00111022302463e-13,-0.142496277420523,-0.094703167109345,0.670579893022217,1.40204935515595,-0.0902980068169679
0.49314832331147,2.5,-3,0.3,2,0.2,0.421771373313919,1.00055511151231e-13,0.0981834219963763,-0.0923612575008927,0.229168447117108,1.88459850614064,0.0376839254187547
0.49965395530453,2.5,-1,0.7,2,0.2,0.669596903518987,1.17985612998928e-13,-0.277933017768324,0.0106498462481137,-0.117152173404453,-0.456404771930382,-0.0732771477011057
2.74459962316323,1.5,0.5,0.7,0.5,0.4,0.00129436038117216,1e-13,-0.00182056850955799,0.000232836770447954,0.00853824889634937,-0.00318622001417796,-0.000379141991058695
2.12164605223807,1.5,1.5,0.3,1,0.2,0.00231628966674057,1.00000433680869e-13,-0.00270203808719073,0.00157948366230626,0.0110500918647159,0.00418772909885997,-0.000437455988123183
2.4706175500527,2.5,-3,0.3,1,0.2,0.00268066197226841,1e-13,0.00511427141464475,0.00785327093407081,0.00304758901458347,0.0130040490070745,0.000481368166173315
2.01341111757793,1,-0.2,0.3,2,0.4,3.94125593978737e-05,1.00000020328791e-13,3.02731592124982e-07,-1.7513869125698e-05,0.000706788778902977,9.53749457057721e-05,-1.17966448335121e-05
0.687746085948311,1.5,-3,0.3,1,0.4,0.0809173239942279,1.00194289029309e-13,0.0727493445520996,0.0330767826890958,0.12551956051872,0.385544541570597,0.030659865004067
1.41603408823721,1,-3,0.5,0.5,0.2,6.92806650352701e-05,1e-13,0.000191392289880793,0.000228201104690501,0.000910933438093388,0.000154715412895164,-5.29548300999989e-06
2.16471649283776,1,-1,0.3,1,0.2,2.5642929859265e-05,1.00000006776264e-13,1.50365250180404e-05,-8.71479955161992e-06,0.000499875979198967,6.86049284199226e-05,-3.23427104828908e-06
2.47545474000508,0.6,0.5,0.5,2,0.05,4.71641053902741e-15,1e-13,-6.65262952453236e-16,-1.95421189652138e-15,5.17903447533832e-13,1.81334154682789e-16,-1.91413785455135e-16
2.4711886840174,1,4,0.3,1,0.2,1.62578458000362e-08,1e-13,-4.77215510934366e-08,1.28506965090801e-07,3.58757093767192e-07,2.06824701070209e-08,-3.66259615990642e-09
0.639836427813862,2.5,0,0.5,2,0.05,0.366171691652746,1.00055511151231e-13,-0.128628670715405,-0.0412032877248492,0.0463458072661183,0.229082600494386,-0.0097714449997599
1.82334969755029,1.5,-0.2,0.7,1,0.05,0.0159121766687891,1.00003469446952e-13,-0.00385961193083084,-0.0093391446916439,0.0685537585603046,-0.0257906999499477,-0.000773907260118653
1.3180162057397,1,0.5,0.7,2,0.05,0.00163460817924891,1.00000216840435e-13,-0.000354076820192723,-0.000533583147269929,0.0184135341031046,-0.00313387542303279,-7.34109919644328e-05
1.93082657877821,0.6,-3,0.3,0.5,0.4,7.49454158457831e-14,1e-13,2.82317097346133e-13,4.83009772255826e-13,6.41555070914044e-12,2.45305908036051e-13,-7.62996281853916e-15
1.28907081543002,1,1.5,0.5,1,0.05,0.00144711071495546,1e-13,-0.00153842599262175,0.000820632791774871,0.0152008858918043,-0.000630939727938659,-5.57557697973901e-05
2.64561661488842,2.5,0,0.7,2,0.2,0.024482343079088,1e-13,-0.00368412860596937,-0.010068059400953,0.0311351527798899,-0.0213816856343041,-0.00514646451932999
0.996147690038197,2.5,-3,0.3,2,0.2,0.0823108592481959,1e-13,0.0363588585711855,-0.000647097844020618,0.0448897664372027,0.361433525124847,0.00991754765136681
0.980172889120877,1.5,-0.2,0.7,2,0.4,0.0882253720501782,1.00013877787808e-13,-0.0148874796072986,-0.0299248874450179,0.186896850674452,-0.112339290579525,-0.0401055282304102
1.50603764917469,2.5,4,0.7,0.5,0.4,1.89277846169852e-07,1.00022314209493e-13,-1.03550471450761e-06,2.73130464030445e-06,-2.90598817913632e-07,-1.53815672233237e-06,3.28478229093545e-07
1.04612737240968,1,4,0.5,1,0.4,8.04886408913457e-05,1e-13,-0.000183430444049167,0.000377117078525173,0.000604255285723455,-0.000119986552112684,-1.90704939964991e-05
0.707218683511019,1.5,0.5,0.7,2,0.05,0.18109875462678,1.00027755575616e-13,-0.0663743257118974,-0.0182351493436831,0.229869184931121,-0.169614387603716,-0.00880202478087566
2.49920702272793,0.6,0,0.5,0.5,0.2,8.97450103681405e-15,1e-13,-1.65733502186902e-15,-6.74707061570985e-15,9.95140757616325e-13,2.40368197110834e-16,-1.47787548966945e-15
1.63856551260687,0.6,1.5,0.5,2,0.2,4.15421736686966e-10,1.00000000000517e-13,-1.5165618702984e-10,-6.94688586052312e-11,2.97102090249595e-08,-9.57681908126858e-12,-6.74992982959617e-11
0.341158790106419,1,-1,0.7,2,0.2,0.560256078002921,1e-13,-0.0843907655319008,-0.135584046172934,1.3109388672457,-0.461839665809573,-0.121890331149248
0.373290920373984,1,0,0.5,1,0.05,0.464909082018607,1e-13,-0.169290378801623,-0.0646764681722882,0.867706586838033,0.145758858817375,-0.0175319417595388
1.74287234159419,2.5,4,0.3,2,0.2,0.00511187608008416,1.00001734723476e-13,-0.00496143202713979,0.00739880066358818,0.00196499476087415,0.00947625914247095,-0.000785600218774127
1.63705623097485,1.5,-0.2,0.7,1,0.4,0.0233332184089934,1.00006938893904e-13,-0.00608797413857486,-0.0128066456135643,0.0880165836523535,-0.0406477502446931,-0.00968725279224877
1.4881396863726,1,1.5,0.3,0.5,0.2,0.000294149733556667,1e-13,-0.000543798928526373,0.000343398121567482,0.00363926249943007,0.000381697070541421,-6.64134526650893e-05
0.99172890187474,1.5,4,0.7,2,0.4,0.00734653749663865,1.00000867361738e-13,-0.00735160330657179,0.0117953690832429,0.0114494637969141,-0.0169192304387487,-0.00213325721492887
2.05536535003921,0.6,-3,0.3,1,0.05,1.36244288235021e-13,1e-13,2.66914689652519e-13,4.31258258244336e-13,1.23838734256136e-11,3.95801268818816e-13,-3.69818706766407e-15
2.59164729535114,1.5,4,0.7,2,0.2,0.000151859347912207,1.00000027105054e-13,-0.000152375416421975,0.000236553987088882,0.000950124574054613,-0.000343725768975435,-2.35011864313723e-05
2.54903067672858,1,0,0.3,0.5,0.2,6.77882942303065e-06,1.00000001694066e-13,-1.27443643758443e-06,-5.15306480117029e-06,0.00015708503280625,1.57755818847657e-05,-1.08151132912957e-06
0.838457177637611,1,1.5,0.7,2,0.2,0.0151428077176634,1e-13,-0.00678560889514765,0.00025416580579582,0.0981365193884884,-0.0303654141026764,-0.00260968845457687
1.83594004518818,1,-1,0.3,1,0.4,0.000136482337338653,1.00000081315163e-13,7.21560005215678e-05,-5.00142014870659e-05,0.00222230086217695,0.000363088280073063,-3.39089626856647e-05
2.50131443566643,2.5,4,0.3,2,0.2,0.0023088135262347,1e-13,-0.00225996256665049,0.00337555326496422,0.00181285844903036,0.00474883805941159,-0.000342374533979233
1.7954072200926,1.5,0,0.3,1,0.4,0.0129412133879266,1.00001734723476e-13,-0.00232083798970763,-0.00785240895069845,0.0515499250517367,0.0323753714625386,-0.00353905024505936
0.636577064415906,2.5,0,0.3,1,0.2,0.342999671599895,1.00055511151231e-13,-0.159930371293855,-0.0562522692901178,0.0578816041288235,0.53828329786329,-0.0844230650561215
2.32930864288937,1,-0.2,0.5,1,0.2,1.82074805201691e-05,1e-13,-1.9048030850554e-07,-1.27312360746837e-05,0.000384099901404919,3.70514959136671e-06,-2.91308672803644e-06
0.419119452708401,1,-0.2,0.7,0.5,0.2,0.355646120865467,1e-13,-0.196222734493716,-0.0128569650975891,0.823325562082994,-0.704659564565698,-0.0655086267061936
2.67022222474916,0.6,-1,0.7,1,0.4,3.47131739142365e-16,1e-13,2.1444877370235e-16,-1.19961711038765e-16,4.12859918819809e-14,-7.29492465380714e-16,-1.28813686733236e-16
0.962572947959416,0.6,-3,0.5,0.5,0.4,8.78194820342552e-07,1.00000000105879e-13,1.82380638458949e-06,1.55440462755963e-06,3.68291347954936e-05,1.13145104543463e-06,-2.37658611103391e-07
1.96535523036728,1,0.5,0.3,0.5,0.4,9.16509624120653e-05,1.00000027105054e-13,-8.05461409552971e-05,-2.47556697353618e-05,0.00158623261826474,0.000188952052825425,-3.45407166662349e-05
0.824063439026941,0.6,1.5,0.7,1,0.2,2.86401968776659e-05,1.00000003388132e-13,-2.59199058213484e-05,1.05290906452749e-05,0.000971191669212105,-7.50819916340792e-05,-3.80943594097838e-06
0.52661200305447,0.6,4,0.3,0.5,0.05,6.23294157189992e-05,1.00000013552527e-13,-0.000125934757496361,0.000112723144077516,0.00122666596167332,1.19776569923656e-05,-3.89343125811753e-06
0.3612455418217,0.6,1.5,0.7,0.5,0.4,0.0181379378960573,1.00003469446952e-13,-0.0156010803472978,0.00373580565960368,0.2235769063909,-0.052577702880341,-0.00358844140584722
1.34115715795197,0.6,-1,0.7,2,0.2,2.89664426544927e-08,1.00000000013235e-13,4.21102222659379e-09,-1.09816119917257e-08,1.68697509158509e-06,-5.92136223918388e-08,-5.22570774266895e-09
0.163636201189365,0.6,0.5,0.7,1,0.4,0.575583567482293,1e-13,-0.238740788625299,0.0198626660978732,2.32635179833707,-1.34397336718796,-0.183887082037115
2.8780970741529,0.6,1.5,0.7,0.5,0.05,4.22196249840281e-18,1e-13,-1.16303038269461e-17,1.24858321267385e-17,5.38751984165002e-16,-1.16853956069178e-17,-1.29499944957658e-19
1.54783929713303,0.6,-3,0.5,1,0.4,2.95139791259349e-10,1e-13,5.02469534656802e-10,6.7634925362915e-10,2.00860060893268e-08,1.98780758746727e-10,-9.32369741824822e-11
1.11880647620419,1,0,0.3,0.5,0.4,0.00851083028029002,1.00001734723476e-13,-0.00220788706849504,-0.00340381914344385,0.0771590273485376,0.0198749893877477,-0.00274620397537084
2.64446092864964,2.5,0.5,0.7,0.5,0.4,0.0224122516776062,1e-13,-0.0403466401856671,0.0187716051307238,0.0184532314835998,-0.0538713115712427,-0.00650416175546726
2.27570152017288,1,1.5,0.3,1,0.05,7.52736913642501e-06,1.00000000847033e-13,-8.53444252321991e-06,4.44696833393543e-06,0.000153184426247944,1.4433282053121e-05,-3.4842139486577e-07
2.2905522972811,1.5,0,0.5,1,0.2,0.00543342376318154,1.00000867361738e-13,-0.00124120201439443,-0.0034949502099432,0.0297804197055642,0.00180021314943851,-0.000829055092166219
2.67432138776639,0.6,0,0.7,1,0.4,4.22881466403931e-16,1e-13,-4.62331620550018e-17,-3.02604352005148e-16,5.02968872278649e-14,-9.43494225049616e-16,-1.46315150520618e-16
0.582033032423351,2.5,-3,0.5,1,0.05,0.781159313769901,1.00222044604925e-13,0.244099000138179,-0.210707785095706,0.522465076933562,2.6089132136747,0.00121633384541742
2.37014113531914,1.5,0.5,0.5,1,0.4,0.00351717024918881,1.00000433680869e-13,-0.00202169517338312,-0.00130264525355375,0.0198399122235674,0.000341552828958051,-0.00111764712133865
1.66475536420476,1.5,-1,0.7,0.5,0.4,0.0287842227457531,1.00003469446952e-13,0.0129668432160296,-0.0138032898097517,0.119311927297816,-0.0356707829823065,-0.0142965678180992
1.51746519686421,2.5,0,0.5,0.5,0.2,0.146586500414714,1.00027755575616e-13,-0.133034934779674,-0.01947021779547,0.0396372504268543,0.0322256580249313,-0.0216875510260874
0.370903874840587,1.5,-1,0.3,2,0.4,0.49057818976279,1.00111022302463e-13,-0.028137712869968,-0.139253712603743,0.303451042974188,1.52090531046057,-0.056855446097679
1.78086423644563,1,-0.2,0.7,1,0.05,0.00026327936513657,1.00000054210109e-13,-3.25132967641801e-05,-0.000164581727604368,0.00416055474198022,-0.000516033999609172,-1.19452134499532e-05
2.69710155463545,1,1.5,0.3,1,0.4,8.02588614791628e-07,1.00000000211758e-13,-9.4935301273683e-07,5.38142966667176e-07,1.96783802210325e-05,1.63180947897459e-06,-3.04703452416784e-07
0.603667321964167,1.5,1.5,0.5,2,0.4,0.156882745955948,1.00027755575616e-13,-0.076439560429353,0.019792165242095,0.105211249643042,0.0614803601665689,-0.0398740494844606
1.61341977114789,1,-0.2,0.3,1,0.2,0.000555322311850223,1.00000108420217e-13,3.06054304887948e-06,-0.000342554371485099,0.00776618613335993,0.00137015687612295,-7.9987389337652e-05
2.02633667637128,0.6,0.5,0.7,2,0.4,1.86680669886395e-12,1e-13,-2.90094573137007e-13,-7.40543518818983e-13,1.6678008719929e-10,-4.15488509813201e-12,-6.45283457398357e-13
2.35963250623317,0.6,0,0.7,0.5,0.2,5.00593175930463e-14,1e-13,-1.30817009941557e-14,-3.54265002664654e-14,5.23269977148989e-12,-1.12398575955812e-13,-8.39487860355628e-15
0.603726126661059,0.6,0.5,0.7,1,0.2,0.00123538223708244,1.00000433680869e-13,-0.000552479885497624,-0.000217427085869509,0.0299174476122516,-0.00285701648456413,-0.000197192310705763
1.72088253553957,2.5,1.5,0.5,2,0.05,0.0421430454377626,1.00006938893904e-13,-0.0204836313260229,0.00151523764882462,0.0214422946309874,0.03774300032116,-0.00104378184903497
0.629978250176646,2.5,0,0.5,0.5,0.4,0.301340257307775,1.58120175339127e-13,-0.30761802578873,0.0834484663407557,-0.121841654716412,-0.550065494700486,-0.082898739457004
0.956858057295904,1.5,-0.2,0.7,2,0.4,0.0945727756204914,1.00013877787808e-13,-0.0163664081760115,-0.0316049566035332,0.19468994546067,-0.118722849868346,-0.0430903506491099
0.525210910663009,0.6,-3,0.3,1,0.2,0.00130047025128687,1e-13,0.00118401150058122,0.000630802207191107,0.0277227026647143,0.0045172843180251,-5.32851388746348e-05
0.340042407508008,1.5,4,0.7,0.5,0.4,0.00107883345395265,1.00578530279238e-13,-0.00225481065254992,0.00219517328096324,-0.00319884227528501,-0.00842908236951674,0.00172651340785634
0.809809979307465,2.5,-1,0.5,1,0.4,0.453777707167653,1.08659739592076e-13,-0.120563344969674,-0.16013601877688,0.103054476097042,0.531011191215666,-0.106964586932317
1.05775537670124,2.5,1.5,0.7,1,0.05,0.0328077305470694,1.00006938893904e-13,-0.0531729759742448,0.0693256456258819,-0.0167714539867366,-0.096715841427509,-0.000253364644354076
2.56943667513551,2.5,-3,0.3,2,0.05,0.00774580405373007,1.00000867361738e-13,0.00477783657776309,0.00236488344902578,0.00781682089352191,0.0277848993041549,-1.21253852390993e-06
0.415593845490366,1.5,0.5,0.7,0.5,0.4,0.242165142195068,1.02137179322403e-13,-0.261619550019233,0.0982490814693799,-0.184717275513675,-0.765595751805345,-0.0235203788732295
1.07643391544698,0.6,-1,0.7,1,0.2,1.85069494032465e-06,1.00000000423516e-13,5.88456354842747e-07,-7.71800148122925e-07,8.57348998642801e-05,-3.50541855457038e-06,-3.54933298805232e-07
1.00642652095994,1.5,0,0.3,1,0.2,0.0914347800903691,1e-13,-0.0211025682844133,-0.0408286718016358,0.156308848531288,0.23762292378728,-0.0110856068317323
1.44199721944751,1,0,0.3,1,0.4,0.00126672362101778,1.00000433680869e-13,-0.000172613752557754,-0.00072201293044886,0.0155579484187119,0.00303181813637633,-0.000387147790591439
2.56103044223273,2.5,1.5,0.7,1,0.4,0.00875142716706115,1e-13,-0.0135585159833007,0.014763070463485,0.00732759789413322,-0.0193849400291997,-0.00270008105580283
0.999966212850996,1,-1,0.3,1,0.05,0.0119560103815913,1e-13,0.00418082047293189,-0.00451531863886355,0.0964239428388309,0.035040328767824,-0.000298086990598752
1.69656413011253,0.6,-1,0.3,1,0.05,2.67907373995969e-10,1.00000000000052e-13,1.50641130386613e-10,-8.38495178627899e-11,1.99105295752319e-08,6.81637462574371e-10,-9.45727564736731e-12
2.13185805811081,1,0.5,0.3,2,0.2,2.13458432197646e-05,1.00000003388132e-13,-3.07801213843013e-06,-8.66348997816204e-06,0.000406971205195793,5.02816734258864e-05,-3.26625790171569e-06
1.20267531672725,1.5,0.5,0.5,0.5,0.4,0.0579395424370884,1.00006938893904e-13,-0.0598887725256702,0.0046509209547514,0.11981042822001,-0.0183828033110592,-0.0186096341583148
2.48150030517718,1,-0.2,0.5,0.5,0.4,1.16827143874392e-05,1.00000003388132e-13,-4.49161393704303e-08,-8.91752070537514e-06,0.000263963466242559,2.03074004430824e-06,-3.88120625325599e-06
2.72426769882441,1,-1,0.5,2,0.2,1.26122951283475e-06,1.00000000423516e-13,2.35710592328717e-07,-4.89446553174749e-07,3.15496323745645e-05,3.07850357143353e-07,-2.0065798949383e-07
1.28049527665135,0.6,4,0.7,0.5,0.05,1.77830151792683e-11,1e-13,-7.46476442020874e-11,1.48049745332678e-10,9.44508409675546e-10,-7.1972989528748e-11,1.03881928601515e-13
0.873439425230026,1.5,4,0.5,2,0.4,0.0127973417968051,1.00001734723476e-13,-0.0120651306352789,0.0178111551957746,0.0144070786042647,-0.00422362661929786,-0.00350493112860002
2.20791930324631,0.6,1.5,0.7,1,0.2,1.08508043539622e-13,1e-13,-1.26062313431149e-13,7.17857385366798e-14,1.05598865081372e-11,-2.68582056067011e-13,-1.60102914624205e-14
2.58844580528093,2.5,1.5,0.7,1,0.2,0.00892854742760589,1.00001734723476e-13,-0.0139701666205657,0.0154322419695616,0.00766110127413562,-0.0192032934429813,-0.00132050801144043
1.06099527956685,1.5,4,0.5,1,0.05,0.000412749798237731,1.00000108420217e-13,-0.000999982103743567,0.00221025145056837,0.000405202510427854,-0.000979322877463405,-5.40554660834452e-06
1.50412042785902,1.5,-3,0.5,1,0.4,0.00582574726080238,1e-13,0.00865493629818276,0.00938432954521455,0.0225574986093107,0.0114731106540918,-0.000944583427348548
2.56886717587477,1.5,1.5,0.7,0.5,0.2,0.00022475708933702,1.00000054210109e-13,-0.000668756970329361,0.000819440742213899,0.00127186617588578,-0.000755188240861792,-1.19030280627779e-05
1.19239635118283,0.6,0.5,0.3,0.5,0.05,4.11578398855775e-07,1.00000000105879e-13,-2.46185428383197e-07,-1.15395025356201e-07,2.10090627896836e-05,8.53154331225383e-07,-1.83859588507887e-08
2.193197208934,1,0.5,0.5,1,0.2,3.0439649310456e-05,1.00000013552527e-13,-1.52198246552278e-05,-1.32872584391465e-05,0.000598048376754601,-2.8765609774047e-18,-4.88567817806725e-06
2.06815901569789,1,1.5,0.3,2,0.4,2.18413955923999e-05,1e-13,-8.08679844659321e-06,-3.74874803513709e-06,0.000402114412392895,4.95845638837128e-05,-7.21585798025538e-06
2.5443222334492,1,0.5,0.7,0.5,0.2,4.76300558062403e-06,1.00000000847033e-13,-5.71724498402922e-06,-2.69353069519798e-07,0.000109423701928618,-1.17759452417156e-05,-7.00965572569907e-07
0.146763922390528,0.6,4,0.7,0.5,0.2,0.0606068382814994,1e-13,-0.058350798482016,0.0238311541081261,0.042006332796016,-0.269699652783202,0.00559059345026786
2.19896214420442,1,-0.2,0.7,0.5,0.2,4.30044073149394e-05,1.00000006776264e-13,-7.02975301092333e-06,-2.99064172499133e-05,0.00085451299605145,-8.83268719638045e-05,-7.77157941500701e-06
1.45603534813272,1.5,-0.2,0.7,0.5,0.4,0.0463380211589423,1e-13,-0.024484615572652,-0.0179321124973834,0.145971820369356,-0.0876645888470302,-0.0185930130086771
1.76658134175232,2.5,-3,0.3,1,0.05,0.00887125350739906,1e-13,0.0145798938820002,0.0182988614315621,0.00744954096306431,0.0489102976460526,0.000637933712815154
0.660798893868923,1,0.5,0.5,2,0.4,0.0623283574528965,1e-13,-0.0142957277307819,-0.0159333882954041,0.295845000894045,0.0224936449122149,-0.0187112108101164
0.135154719941784,1,0.5,0.5,2,0.4,1.40562774576873,1.11990408665952e-13,-0.50978435597607,0.138095441124217,-0.469146970881756,-0.816380924712367,-0.415595750897462
2.92112035629107,1,-1,0.3,0.5,0.2,5.40043355808128e-07,1e-13,8.150708661439e-07,1.59510116985393e-07,1.45939087287289e-05,1.55202935203324e-06,-5.9032322218727e-08
0.77993396371603,2.5,4,0.5,1,0.05,0.000560391729206226,1.00000108420217e-13,-0.00137479867061423,0.00312744408906057,-0.000651684215102495,-0.00328977623238868,6.02408598649167e-05
0.403049181646202,0.6,4,0.3,2,0.4,0.00362737546225284,1.00000433680869e-13,-0.00250742965230098,0.00235171422127993,0.0533068916284309,0.00617076087051315,-0.00155668632497376
2.07034289019648,1,0,0.3,0.5,0.05,7.59016009806897e-05,1.00000013552527e-13,-1.50287183736478e-05,-5.02825041554228e-05,0.00140026110774291,0.000176990845583161,-2.9984196896546e-06
2.21617367009167,1,-1,0.3,1,0.2,1.96471670406324e-05,1.00000006776264e-13,1.16508727029941e-05,-6.62316042280398e-06,0.000392933631422423,5.24402511734312e-05,-2.49126796919688e-06
0.998929622350261,0.6,0,0.5,1,0.05,7.12762246612711e-06,1.00000000847033e-13,-1.06975597328247e-06,-3.40121388279362e-06,0.00030210769630031,6.40533312500285e-07,-2.87652054126401e-07
2.44088096303167,1.5,-1,0.5,1,0.2,0.00332273029097029,1.00000433680869e-13,0.00162918430479119,-0.00155617789270953,0.0201429118534468,0.00245632467996222,-0.000483507568795115
1.20002163037425,0.6,0,0.7,0.5,0.2,4.44564146507622e-07,1.00000000211758e-13,-1.4208833606156e-07,-1.82326643314543e-07,2.29192806069341e-05,-9.94495320797146e-07,-7.4759306304658e-08
1.80844120646361,2.5,1.5,0.3,1,0.05,0.0215351964975245,1e-13,-0.0265576922065819,0.0188879261440731,0.00796512116373144,0.0319134625720981,-0.000987723341441538
1.05167404722888,1,-1,0.7,0.5,0.2,0.0148579260990338,1e-13,0.00419199167239519,-0.00557983162779052,0.134115783796532,-0.0208075890738369,-0.00327673838197867
2.16825936060632,2.5,1.5,0.5,2,0.2,0.0255127118412575,1e-13,-0.0118931710213797,-0.000337973063292362,0.0192723510032708,0.0206990798755507,-0.00286483385541289
2.84439118417213,0.6,-0.2,0.3,2,0.05,2.34597922934085e-17,1e-13,7.36508039787989e-19,-1.07359546552769e-17,2.9713407005358e-15,5.45912592733705e-17,-9.33678133306176e-19
0.290222511265893,1,-1,0.7,2,0.4,0.744120560187587,1.00111022302463e-13,-0.136916013922589,-0.145612420509658,1.35971520758125,-0.772845045860313,-0.351841232728677
0.744540985766798,1,-0.2,0.3,0.5,0.05,0.0620350725769548,1.00006938893904e-13,-0.00792952656021113,-0.0189584365514824,0.336163137296929,0.155929024976954,-0.00221041962197036
1.11951464506565,1,-3,0.7,0.5,0.4,0.000850864948685529,1e-13,0.00176849096086665,0.00146889168110572,0.00917550706609508,-0.000297621081817647,-0.000488066034206053
1.00946045524906,1,-3,0.7,1,0.2,0.00402378234487913,1e-13,0.00466575134189511,0.00339203284163457,0.0372192348861943,-0.00215836223639206,-0.000990340701099649
1.27875346525107,0.6,0,0.5,2,0.4,8.30730147414714e-08,1e-13,-4.0876384985096e-09,-3.43215103500261e-08,4.5856229051677e-06,8.48626293346781e-09,-2.74630666731146e-08
1.54177840214688,0.6,-1,0.5,2,0.2,2.04178846096465e-09,1.00000000001654e-13,3.53657925342224e-10,-7.55844516944165e-10,1.37349922352856e-07,3.63837377121203e-10,-3.30311045721835e-10
1.87114244481782,2.5,-3,0.7,1,0.4,0.0277449570000551,1.01949829186998e-13,0.0369215134825145,0.0313055909591457,0.0412230397793918,0.0237268477079446,-0.0138164773868582
1.77697243905859,1.5,0,0.5,1,0.2,0.0185397378064719,1e-13,-0.00502053417563179,-0.0104861380807375,0.0741710338864716,0.00727996751322435,-0.00277654252675825
2.70273048734525,1.5,0,0.5,1,0.4,0.00196002977087737,1.00000433680869e-13,-0.000400060348660781,-0.0013449617356367,0.013089653144842,0.000519323043474785,-0.000621672479168435
1.74596303445287,1,-3,0.7,0.5,0.2,7.10696322804947e-06,1.00000006776264e-13,2.24532982627018e-05,3.11553698719196e-05,0.000119244953256796,-1.32018564565224e-06,-1.81991638689003e-06
0.974122612155043,1,-3,0.5,0.5,0.05,0.00232180016668115,1.00000433680869e-13,0.00452183448232295,0.00349402399903567,0.0205992813799427,0.00582292690563268,-3.25983550209397e-05
1.46600597485667,1,-0.2,0.5,1,0.2,0.00153784565980974,1.00000216840435e-13,-0.000129545966360881,-0.000902482835698382,0.0193962599977124,0.000422651193487881,-0.000242511806036823
1.80708304703003,1,0,0.7,2,0.4,0.000124263900520236,1.00000054210109e-13,-1.01581171932992e-05,-5.28769707208757e-05,0.00199578526214774,-0.000251850199238561,-4.66780407390153e-05
0.248837317188736,1,1.5,0.5,2,0.05,0.498963722847084,1e-13,-0.218365930410494,0.0667328442620646,0.288565734300563,-0.0323190283474132,-0.0165371907647449
2.21787641206756,2.5,-0.2,0.3,1,0.2,0.0445858282027067,1e-13,-0.00458835772261983,-0.0301714368079362,0.0332323615425638,0.13162863190714,-0.00336238909432834
1.94833353894064,1,-3,0.5,2,0.05,3.2721696796865e-05,1e-13,1.98893404159101e-05,9.67873552786933e-06,0.000573080483095771,1.85694550618125e-05,-1.24024762636671e-06
0.248696805455256,1,-3,0.7,0.5,0.4,1.63636283110261,1.04440892098501e-13,0.0688621520904892,-0.181305694727047,3.45658119178193,-0.249266911856983,-0.923788176962739
2.10754295712104,0.6,-0.2,0.7,0.5,0.05,1.69025608007199e-12,1.00000000000002e-13,1.9694222891305e-15,-1.16649230188547e-12,1.57372201384169e-10,-3.65611203216856e-12,-7.28788260998212e-14
1.08031836353475,2.5,0.5,0.5,2,0.2,0.143240430205827,1e-13,-0.0484433684770691,-0.0251857047285798,0.0413491117967852,0.161842268741264,-0.0111704939537914
0.976518004981335,1,4,0.7,1,0.4,7.73487265692832e-05,1.00000040657581e-13,-0.000178289134316284,0.00037295722240229,0.000506006621148782,-0.000282390900023829,1.00039463305639e-06
2.94783481872873,0.6,0,0.3,1,0.2,9.91522660817212e-18,1e-13,-4.63756943551604e-19,-7.38123526494942e-18,1.30262109645125e-15,2.28960419289251e-17,-1.60611974491962e-18
2.26284293890931,1,0.5,0.5,0.5,0.2,2.53523707952677e-05,1.00000006776264e-13,-2.64036173174527e-05,-4.55401672389376e-06,0.000512479461358691,-5.87415450654366e-06,-4.1087161939361e-06
2.1293287136592,1,0.5,0.5,2,0.05,2.77486580673034e-05,1.00000003388132e-13,-4.56202692631576e-06,-1.09163598439343e-05,0.000529847732091732,4.36478223024152e-06,-1.09020491001808e-06
0.707543654413894,1.5,-1,0.7,0.5,0.4,0.397879777660378,1.00055511151231e-13,-0.108998740336084,-0.100769584062696,0.536062255779315,-0.438840677647541,-0.200786658075561
0.802914136613254,0.6,1.5,0.7,2,0.2,4.24543611075887e-05,1.00000013552527e-13,-1.63281527510929e-05,-3.6217343887782e-06,0.00141722659559879,-9.5978586995496e-05,-6.87784811756353e-06
1.9683230250841,2.5,4,0.7,2,0.05,0.00433033514519616,1.00000867361738e-13,-0.00469595850737739,0.00826389009039994,0.00257822616281752,-0.0066623382136832,-0.000175108381946266
1.8709334149491,1.5,1.5,0.5,1,0.4,0.00458605699744746,1.00000867361738e-13,-0.00566914636395914,0.00403521022429854,0.0184079367027777,-0.00157118258111302,-0.00142206766570769
0.797365042706952,1.5,-1,0.5,0.5,0.2,0.31136803064181,1.00055511151231e-13,0.0104796166062006,-0.10252964101152,0.466301229206921,0.428215470262808,-0.0390194194148694
1.58043428077362,1,-0.2,0.7,1,0.05,0.00074322940722811,1.00000108420217e-13,-0.000110460425526489,-0.000438764384304243,0.0102879574026462,-0.00143813016372788,-3.3938153497187e-05
0.174852436606307,0.6,-0.2,0.7,0.5,0.4,0.645051059881587,1.00222044604925e-13,-0.227087375378565,-0.0128134898286938,3.10669014013308,-1.3883352535328,-0.233051807742997
1.43901750100777,1,-0.2,0.5,2,0.05,0.00108284433317438,1.00000216840435e-13,-3.40211366132602e-05,-0.000459135890612548,0.0133899282800958,0.00035192804939461,-4.14038099725948e-05
2.63486276578624,1.5,-0.2,0.3,1,0.05,0.00190165060023486,1.00000216840435e-13,3.98526097371957e-05,-0.00137757823564919,0.01221955627374,0.00484963145676892,-6.3058282919401e-05
2.85196785496082,2.5,-0.2,0.5,0.5,0.2,0.049974132932957,1e-13,-0.0200026629545209,-0.037422863806969,0.0576313072522319,0.035554279115963,-0.00709760754486265
2.28021225081757,2.5,-1,0.5,1,0.4,0.0579798556659427,1.00006938893904e-13,0.0172816335719865,-0.0347328727215477,0.0585831250512933,0.0855922239824935,-0.0114779936415345
2.78279124586843,1,-1,0.5,2,0.4,8.89891118099535e-07,1.00000000211758e-13,1.67226922359389e-07,-3.45264998465305e-07,2.27760055846393e-05,1.91180931046432e-07,-2.90445923363828e-07
1.69290412687697,2.5,-0.2,0.3,0.5,0.2,0.105266793925396,1e-13,-0.0321484383193041,-0.0571750304871678,0.0505479364975911,0.291473073996775,-0.0117511113706674
1.87707493174821,1,4,0.5,1,0.4,4.68880376044154e-07,1.00000000211758e-13,-1.30262762985723e-06,3.31371464052047e-06,7.47306964876685e-06,-4.9589544245168e-07,-1.33079396506481e-07
2.80015815105289,1.5,-3,0.5,0.5,0.4,5.36699677828358e-06,1.00000000847033e-13,2.3987376311138e-05,4.92097708928416e-05,4.22104434810867e-05,1.3148619068675e-05,-5.22144582924828e-07
2.02987143381033,2.5,-0.2,0.5,2,0.05,0.0482810830876454,1e-13,-0.00447215153740865,-0.0206634048618213,0.0370614542970101,0.0637830253804993,-0.00108586612565353
0.201404557144269,1.5,1.5,0.7,1,0.4,0.119013266609367,2.16698317675912e-13,-0.12216736066548,0.107128555023574,-0.301082538380984,-0.724630157009596,0.106743933765135
0.570492763654329,1,0.5,0.7,2,0.05,0.0994445915237634,1e-13,-0.029843213163266,-0.0166564910205886,0.408948271304645,-0.15776743410986,-0.00470614858385537
1.67505054628709,1,0.5,0.7,0.5,0.05,0.000385820115927048,1.00000108420217e-13,-0.000417974256952418,-1.33370488365074e-06,0.00554494006074814,-0.000968773426286664,-1.3823392808794e-05
0.64327545753913,1.5,-3,0.5,1,0.4,0.214652676623409,1.00721644966006e-13,0.146235788964816,0.0177040988759883,0.37966155724719,0.617054164619506,0.0027648518020424
0.0739417510922067,1.5,4,0.3,2,0.2,0.452386138300622,1.09214851104389e-13,-0.247148188094677,0.221829810192476,-0.636731788155722,-3.30765299917752,0.185991087598357
2.18204044514568,1,-0.2,0.3,1,0.2,3.0148817865159e-05,1.00000006776264e-13,1.21501909915908e-06,-2.06155621143197e-05,0.000590497899740375,7.33899291955561e-05,-4.46127243858513e-06
2.78058023734484,0.6,0.5,0.7,0.5,0.2,1.0888266127504e-16,1e-13,-1.15966081362879e-16,-2.75240352454219e-17,1.34532377672862e-14,-2.63025149748931e-16,-1.67285720518226e-17
2.78046435537981,0.6,0.5,0.7,1,0.2,8.83800545282886e-17,1e-13,-4.22117606018614e-17,-4.48337402248246e-17,1.09324682316511e-14,-2.02857712645895e-16,-1.44111970284206e-17
0.609702423657291,1.5,-0.2,0.7,2,0.4,0.282993548511896,1.00333066907388e-13,-0.0750346756416359,-0.0592392760580804,0.318641548507819,-0.271009705683695,-0.12946907999211
1.09602095602313,1.5,1.5,0.5,1,0.05,0.0323297831940029,1e-13,-0.0369237744719441,0.0252685861230715,0.0547355764694664,-0.0176195660826908,-0.00114559112179141
0.332320224714931,1,1.5,0.7,0.5,0.2,0.131909750335155,1.00027755575616e-13,-0.144523747372027,0.0591141867810663,0.0364811112527107,-0.464283577756547,-0.0043438564399241
0.27500403841259,1.5,-0.2,0.3,1,0.05,0.881118556571163,1.00111022302463e-13,-0.273327775399925,-0.105005991121475,0.288939068444099,1.44898055500121,-0.0544749270901645
0.611058376927395,2.5,4,0.5,2,0.05,0.021976702553072,1e-13,-0.0235639500187304,0.0427384987725191,-0.0104569793864036,-0.052415886203383,-0.000120079977973531
0.831373299343977,0.6,4,0.5,2,0.05,7.99589994131344e-06,1e-13,-6.70182373119739e-06,8.16075820565944e-06,0.000274505385533421,-3.09939457188857e-06,-3.1286239376162e-07
0.410298051708378,1,1.5,0.3,1,0.05,0.153475351824373,1e-13,-0.0996552982205925,0.0200740857360939,0.285373379810273,0.216600777906947,-0.00796274165955846
0.0733416766859591,1.5,-1,0.7,1,0.4,0.151964971683737,1.28303748234038e-13,-0.110125061634236,0.0705094200283863,-0.761343245381252,-1.98178662029204,0.613064204933524
0.119974507403094,2.5,0.5,0.5,2,0.2,0.109607802089804,1.71317951544358e-13,-0.0886767287953008,0.127004656127601,-0.295587783334258,-1.60465768050693,0.316796909589106
1.21063989108661,1,0,0.3,1,0.2,0.00437237626037519,1.00000867361738e-13,-0.000609388057602328,-0.00230667796530043,0.043692890665427,0.0105593289829101,-0.000644837302772906
0.52524703075178,1,4,0.5,1,0.2,0.00351987775578696,1e-13,-0.00598499888550149,0.00896934462479545,0.00723071188612706,-0.00784535097309274,-0.000243851826113239
1.13955924820621,0.6,-0.2,0.5,0.5,0.05,1.31313628887035e-06,1.00000000423516e-13,-7.36892973381033e-08,-5.80208005050718e-07,6.41377140399234e-05,1.68282878839098e-07,-5.35500911246495e-08
1.347167651169,2.5,0,0.7,0.5,0.2,0.143782776297568,1.00027755575616e-13,-0.186483331805608,0.0493000411826498,0.002456989269995,-0.279227382761062,-0.0229150416873519
2.99144272938138,1,-0.2,0.7,0.5,0.4,7.52475229859638e-07,1.00000000105879e-13,-3.1395252994952e-08,-6.41828804532948e-07,2.08189395499578e-05,-1.59277712185761e-06,-2.76256215526046e-07
2.46678455186775,2.5,4,0.5,1,0.2,3.81769708695453e-05,1.00000013552527e-13,-0.000122241505764534,0.000364313781356214,1.40450147799373e-05,-7.49818453653798e-05,-2.673485198719e-06
2.06580350690056,1.5,1.5,0.7,1,0.2,0.00230053899727462,1e-13,-0.00310370457970326,0.00263889685776349,0.0105938184630177,-0.00574605541117772,-0.000312644806055582
1.99181374418549,1,1.5,0.7,0.5,0.2,1.28441314711083e-05,1.00000001694066e-13,-3.1530104271903e-05,3.01702601106401e-05,0.000218964875778479,-4.01295789857501e-05,-1.05944830880874e-06
1.82119098306866,1.5,-3,0.7,0.5,0.4,0.00053438425785799,1.00000216840435e-13,0.00161568021778304,0.00211151444141427,0.00298533504826882,0.000175108193709862,-0.000307663447556354
0.365898603666574,0.6,0,0.7,1,0.2,0.0420046047975417,1e-13,-0.0127856329299488,-0.00733423839285077,0.571171850650126,-0.0885970817192067,-0.00735123177250985
1.93233393104747,1,4,0.3,2,0.4,8.74334252551005e-06,1.00000006776264e-13,-8.0698532154516e-06,1.10283153704875e-05,0.000148425480644546,1.7849262855183e-05,-3.26667746981556e-06
0.817623051640112,1.5,-1,0.5,2,0.05,0.158404256843356,1e-13,0.00249272058999999,-0.0605691694653978,0.241818582015948,0.213045812299301,-0.00393382268208564
1.76654949524673,1.5,-3,0.7,1,0.2,0.00296414452001698,1.00000433680869e-13,0.00455400380144428,0.00510673155092003,0.0143994396589297,-0.000592557296674633,-0.000728425043158721
2.9209744328633,1.5,1.5,0.5,1,0.05,0.000405652118330547,1e-13,-0.000530876184104533,0.000392573895676548,0.00288540022616442,-0.000116163588376698,-1.5581354096939e-05
2.52659256547922,0.6,-0.2,0.7,1,0.2,3.47795859253586e-15,1e-13,8.84727367319693e-17,-2.48917309463574e-15,3.90347808886435e-13,-7.59275195606619e-15,-5.97828798207728e-16
1.99455194335897,0.6,4,0.7,0.5,0.2,6.05624875437804e-17,1e-13,-3.39078889191565e-16,9.08935807333089e-16,5.2093414433817e-15,-2.28006760145909e-16,-4.08991837004983e-19
1.23666444664123,0.6,-3,0.5,2,0.05,7.30479033046399e-08,1.0000000005294e-13,4.18872258038264e-08,1.76563446245729e-08,3.9099913102847e-06,3.08932076856879e-08,-2.87705783129762e-09
0.339959310286213,2.5,-1,0.5,0.5,0.2,0.780718305938803,1.00333066907388e-13,-0.630885987406913,0.139095515102699,-0.60749524705399,-3.01419102833666,-0.058232900995403
0.992431492137257,1,0.5,0.7,2,0.2,0.00925198352861003,1.00001734723476e-13,-0.00221547525873442,-0.0026316924031912,0.0750812711028514,-0.0170994188564442,-0.00171078687939935
2.98759140396724,1,0,0.7,1,0.2,5.26024718043084e-07,1.00000000211758e-13,-9.14050035111612e-08,-3.7811920881541e-07,1.45222590394452e-05,-1.11392686239153e-06,-9.18321022883408e-08
2.19255149194505,2.5,-1,0.7,1,0.2,0.0771403765833779,1.00013877787808e-13,0.0107441324690779,-0.0513264972383258,0.0875839753013,-0.0227442297644545,-0.0173166399741391
2.07634451548802,1,-3,0.3,0.5,0.4,2.90233085005978e-07,1.00000000105879e-13,1.12248777401646e-06,1.9729505810886e-06,5.57653451696341e-06,1.1393203368822e-06,2.57240321472543e-08
1.90631489158841,0.6,-0.2,0.3,0.5,0.4,2.44693946433353e-11,1.00000000000013e-13,3.01279181371034e-12,-1.55865311690583e-11,2.05123525612936e-09,5.78340381028979e-11,-7.82850462497405e-12
2.42008212672081,0.6,-3,0.3,1,0.2,7.19828136870614e-16,1e-13,1.48899227627173e-15,2.57075202983499e-15,7.74069735638097e-14,2.02507181356996e-15,-8.35035009232292e-17
1.65242469684454,0.6,-0.2,0.7,1,0.05,6.63834127870577e-10,1.00000000000414e-13,-2.23362752187623e-11,-4.12801058603702e-10,4.80176215813489e-08,-1.42243260748591e-09,-2.86536947879873e-11
2.59231039583683,0.6,1.5,0.7,2,0.05,5.83344295154872e-16,1e-13,-2.21048430734069e-16,-9.84918668242909e-17,6.71587668978696e-14,-1.32599479142455e-15,-2.37968651875811e-17
2.95337536340812,1,0.5,0.5,1,0.2,6.42456984531323e-07,1.00000000211758e-13,-3.21228492265665e-07,-3.1919902127476e-07,1.74423722344658e-05,9.87215635938626e-23,-1.03744813256748e-07
1.7887439202168,1.5,-1,0.3,0.5,0.05,0.013898810441282,1.00003469446952e-13,0.0128470240715863,-0.00265060394779723,0.0573896202474874,0.0477031946705574,-0.000167582355238387
0.214503696770407,1.5,-3,0.3,2,0.4,1.26134919898592,5.25215418431435e-13,0.0793846892193869,-0.263666433155279,0.920400906904992,4.63138409983605,-0.0237893197230293
1.60519964654231,1.5,4,0.3,0.5,0.05,8.32314699632758e-07,1.00000000317637e-13,-4.08062518241164e-06,9.52651634227152e-06,2.10616967981564e-06,-1.55321343207308e-06,-3.89086573378473e-08
1.87649607621133,2.5,-3,0.5,2,0.2,0.032450382316914,1e-13,0.0166385478360745,0.00276308343289972,0.0281135716652527,0.069907001894928,-0.0012549534527986
0.528954160853755,0.6,-1,0.5,2,0.4,0.00353119472064906,1e-13,0.000255838285904178,-0.00115856479123359,0.074877510358777,0.00130201949325584,-0.00112617343349695
2.82434894654434,0.6,0.5,0.5,2,0.05,3.71650499632077e-17,1e-13,-5.1745271508856e-18,-1.56304846214647e-17,4.67339550756929e-15,1.26673914080884e-18,-1.51069650516061e-18
0.330112748662941,1,-0.2,0.5,1,0.4,0.592416797315197,1e-13,-0.195739662535798,-0.0781226311267203,0.906207754883868,0.226501487061783,-0.183705227362734
2.4434065435431,0.6,-0.2,0.7,0.5,0.4,1.52844870399362e-14,1e-13,8.22197421011822e-16,-1.15575826485032e-14,1.65742503952717e-12,-3.35360877340777e-14,-5.4148862291233e-15
2.97973720234586,0.6,-1,0.5,1,0.05,5.97761697250234e-18,1e-13,4.02496331831369e-18,-1.76541046401084e-18,7.94915583096786e-16,1.16918224243483e-18,-2.42716281463064e-19
1.95077055078,1,-3,0.3,0.5,0.2,6.98571206702892e-07,1.00000000317637e-13,2.60048547697183e-06,4.38274240678796e-06,1.25073440009141e-05,2.96833867531379e-06,4.35868157342558e-08
0.796020682097878,1,-0.2,0.5,0.5,0.2,0.061171543409838,1.00006938893904e-13,-0.0174324005477005,-0.0177520329583726,0.366598420929001,0.0160375913045574,-0.00984929609273856
0.662625742843375,1.5,0,0.3,1,0.2,0.22143702892835,1e-13,-0.0616467082770763,-0.0705083367893853,0.189084937536578,0.56660545241488,-0.0277782688527534
2.46706069594948,2.5,-3,0.5,1,0.05,0.00578531213794474,1e-13,0.0102615433444274,0.0140851030236115,0.00793904880313519,0.01748948149215,2.60120140545966e-05
0.851587748224847,1,-1,0.5,0.5,0.05,0.0465064305042334,1.00006938893904e-13,0.0134736200136057,-0.0143712816949595,0.319445302913898,0.0430473450558412,-0.00170699220454151
2.50629829908721,2.5,0.5,0.5,0.5,0.4,0.0324930208827133,1e-13,-0.0498012922623672,0.0136171711149688,0.0237390276592738,-0.00908916374512621,-0.00995480267172376
1.6455034001614,2.5,4,0.5,1,0.2,0.000118141188775158,1.00000040657581e-13,-0.000348712353027048,0.000956138271621959,-3.14091227969159e-05,-0.000328072832221845,4.40205601433992e-07
2.84094406060176,1,-3,0.7,2,0.4,2.48696491950156e-07,1.0000000005294e-13,1.57875094401343e-07,8.61891104622198e-08,6.55401013194036e-06,-4.77550155518443e-07,-9.91165825857288e-08
2.47461129664443,0.6,1.5,0.7,1,0.2,2.65658486079532e-15,1e-13,-3.15535117427388e-15,1.85600046197529e-15,2.90956300716244e-13,-6.53633657073713e-15,-3.95775930408052e-16
2.90199137487216,1,-3,0.7,2,0.4,1.8105606782241e-07,1.0000000005294e-13,1.15341715576612e-07,6.36358945309625e-08,4.87942463217095e-06,-3.48937369934505e-07,-7.19647019364242e-08
2.77560579064302,0.6,0,0.3,2,0.05,6.10214696474008e-17,1e-13,-9.09037278847503e-19,-2.79625451160992e-17,7.53671864984214e-15,1.41456389111102e-16,-2.43844840514564e-18
2.28847381928936,1.5,1.5,0.3,2,0.05,0.00176906301949886,1.00000433680869e-13,-0.000676592251970857,-0.000279866724394716,0.00949635411652551,0.00411679764908473,-6.4749589633933e-05
1.540240939043,2.5,4,0.3,1,0.4,0.000196273733563278,1.0000276471554e-13,-0.0005320375771045,0.00132549221323172,-4.82170193145288e-06,-7.69191913827308e-05,-0.000104970899339859
2.67066285301698,1,0,0.3,1,0.05,2.53507959707215e-06,1.00000000423516e-13,-2.07530083436968e-07,-1.82741872374591e-06,6.18129518639614e-05,5.99319980537554e-06,-9.74062683338203e-08
0.448910970590077,0.6,0,0.3,1,0.2,0.0124147605358437,1.00001734723476e-13,-0.00158292641821709,-0.00363771782208356,0.213771985299788,0.0292396421692043,-0.00193318408236291
0.435210866399575,1.5,4,0.3,0.5,0.05,0.00409128813906394,1e-13,-0.0080798026525309,0.00717617158553647,-0.00267055912032708,-0.0142534499017788,-6.54882906178308e-05
2.77238777495222,1.5,-0.2,0.7,1,0.2,0.00157365857137768,1.00000216840435e-13,-0.000202919420798864,-0.00112953317982607,0.0110212708301569,-0.00285515335674936,-0.000299635441838111
2.25671373046935,1,4,0.3,0.5,0.05,1.34315205031138e-10,1.00000000000026e-13,-8.00888304670612e-10,2.2908635933004e-09,2.6218633744035e-09,-2.94039417443977e-11,-8.33971201000168e-12
0.206843794137239,1.5,0,0.5,0.5,0.4,0.82223557330174,1.34194869158455e-13,-0.542430028668401,0.107707319065715,-0.728479153852524,-2.0620072242419,-0.165700237699635
2.66985340394312,1,0,0.3,2,0.05,1.43141262972267e-06,1.00000000211758e-13,-3.68285044469446e-08,-6.52527543795397e-07,3.48998350380604e-05,3.41405209353878e-06,-5.39867818977228e-08
0.37368931901874,0.6,4,0.5,0.5,0.05,0.00108895484395906,1e-13,-0.00178715643489356,0.00128046367557911,0.0130111500481029,-0.0023405974732878,-2.34177124447312e-05
1.79855595387053,1,-0.2,0.7,2,0.05,0.000141489650371234,1.00000108420217e-13,-5.86886650599136e-06,-6.16235785363491e-05,0.00226484359609444,-0.000271339661640916,-6.44105574419435e-06
0.880864854308311,2.5,-3,0.5,0.5,0.2,0.227148370095346,1.00055511151231e-13,0.251384360888056,0.0586024522358875,0.241016458471425,1.14863484721503,0.0606727138996052
1.04627088567941,2.5,-1,0.3,2,0.2,0.121546914129823,1e-13,0.00627157255740106,-0.048224625231479,0.0515643967454417,0.417935856864224,-0.000853746400772612
1.51952304393053,2.5,-1,0.7,0.5,0.2,0.258056547480587,1.00055511151231e-13,-0.0430393604161707,-0.137110965401316,0.17958251136928,-0.0222773941702848,-0.0598229648462872
1.80272716199979,1.5,0.5,0.5,1,0.4,0.0134245213779324,1.00003469446952e-13,-0.00792187299237642,-0.00391131095610266,0.0535693091143822,0.0015695397862903,-0.00420950083954904
1.30184454044793,2.5,4,0.3,2,0.05,0.00892465123038645,1e-13,-0.00856630264969628,0.0127018366893146,0.00192192066778122,0.0129828858218904,-0.000375031285492038
0.908326121629216,1.5,-1,0.7,0.5,0.2,0.245541860853424,1e-13,-0.0275291748732531,-0.0887373541318537,0.489662120857157,-0.207180860116445,-0.0584521129917762
0.192121309007052,2.5,0.5,0.5,2,0.05,0.310789131279343,1.00055511151231e-13,-0.235833120442794,0.290640419179492,-0.487904985581649,-2.4446652181459,0.0514029023588503
0.959559797076509,0.6,-3,0.5,1,0.2,2.13028540829751e-06,1e-13,2.80117863191814e-06,2.64085183615817e-06,8.81098796638569e-05,2.08255092287133e-06,-3.11119393118305e-07
2.63683730888879,1,0.5,0.3,2,0.05,1.62563386042002e-06,1.00000000211758e-13,-2.27909450572507e-07,-6.7851737368571e-07,3.9084919118653e-05,3.80902153160098e-06,-6.26356119082054e-08
2.63941331246169,0.6,-3,0.3,0.5,0.4,1.1210224631343e-18,1e-13,5.20845246629319e-18,1.1209177893238e-17,1.32170188051401e-16,3.54951174865015e-18,-1.46168937509152e-19
0.768971324455924,0.6,-3,0.3,0.5,0.2,1.47936368054426e-05,1.00000005082198e-13,2.62976822979336e-05,1.86089894671581e-05,0.000482304736135645,5.53182071990902e-05,-1.45910590117878e-07
2.95409822949441,2.5,1.5,0.3,0.5,0.2,0.00236108243975788,1.00000433680869e-13,-0.00704157276538543,0.00850221640880441,0.00201029344259579,0.00114412261227075,-0.000569091599286525
2.66518795131706,1.5,-3,0.3,0.5,0.2,4.40393711028857e-06,1.00000001694066e-13,1.98768775177629e-05,4.13400488624946e-05,3.10642249454117e-05,2.18073895850402e-05,7.76519163044014e-07
0.178947249799967,1.5,1.5,0.5,1,0.4,0.332367967414823,8.04880598334512e-13,-0.261727094881782,0.161203129229826,-0.44614590379167,-1.40004297496978,0.0759455244215179
1.155258859077,1,1.5,0.3,0.5,0.05,0.00193955516861296,1.00000433680869e-13,-0.00305969166262196,0.0015442049259437,0.01759183082228,0.00228936853246839,-0.000109208089066298
0.211388914694544,1,0,0.5,2,0.4,1.01302019843711,1.0044408920985e-13,-0.278317622850168,-0.0715715188464628,0.626841907677537,0.51101510049958,-0.272935810237862
2.31469320682809,0.6,0.5,0.7,1,0.2,5.59510313719747e-14,1e-13,-2.65470867181408e-14,-2.64696111580997e-14,5.73016657805183e-12,-1.28524326164886e-13,-9.10344941290441e-15
0.491043399518821,2.5,-1,0.3,0.5,0.2,0.749829287574697,1e-13,-0.184971990363954,-0.135202228175082,0.173323207192332,1.59020697659344,-0.21880555100923
2.9022042387398,1.5,4,0.5,2,0.4,8.68941329594427e-05,1e-13,-8.51556892176802e-05,0.000126933870010006,0.000618667922867946,-9.02757336704847e-06,-2.74879303018682e-05
1.89872977528721,1.5,0,0.5,0.5,0.05,0.0187210427095425,1.00003469446952e-13,-0.00952197993507152,-0.00962858255945968,0.0801786662605699,0.00356251774166145,-0.000737651606348769
0.363095171563327,0.6,-3,0.5,0.5,0.05,0.0296719868770243,1.00003469446952e-13,0.021464947036837,0.00282630565622138,0.435229560442078,0.0500864847448677,-0.000857431294231173
0.601775713299867,1.5,0,0.5,1,0.05,0.351004856725716,1.00055511151231e-13,-0.164382796247404,-0.054822094823623,0.231516991573685,0.162192746813037,-0.0121509187097979
2.47355026045116,1,0,0.5,1,0.4,8.18593713232133e-06,1e-13,-1.18260634102848e-06,-5.64987647749936e-06,0.000184094299291598,1.02305474802906e-06,-2.69177388434657e-06
1.97661836942425,0.6,-3,0.5,1,0.2,5.88976289677413e-13,1.00000000000001e-13,1.11370612971567e-12,1.71489741248031e-12,5.1559664235129e-11,3.78960651785635e-13,-9.21428972252118e-14
0.381304338038899,1,-3,0.3,1,0.2,0.192298925317886,1e-13,0.11537381748031,0.0164533059615855,0.501421678063376,0.871024434732566,0.0215228029593229
1.80080652222969,0.6,0,0.7,2,0.2,4.81351155161868e-11,1.00000000000032e-13,-2.43891519314455e-12,-2.08848276995684e-11,3.80708171661162e-09,-1.04314665896911e-10,-8.27826511621885e-12
1.46452927603386,2.5,0,0.5,2,0.05,0.095179866847327,1e-13,-0.0173583719174417,-0.0343140093052611,0.0464305279575192,0.136072657949349,-0.00171171299553491
1.03358057726873,2.5,0.5,0.3,0.5,0.05,0.136590728548423,1e-13,-0.13755239538995,0.0132222177892165,0.0157427051118966,0.122016937398072,-0.00866813737238792
0.894651887658984,2.5,1.5,0.5,2,0.2,0.119792577847475,1.00027755575616e-13,-0.0679014512565519,0.0303981109631538,0.0117926975070465,0.0476832582913109,-0.0116440945433673
0.911013300181367,1,-3,0.5,0.5,0.05,0.00390403690857901,1.00001301042607e-13,0.00709898483332224,0.00500613098358077,0.0322685632500206,0.00991686131951031,-5.21205297741769e-05
0.347860084485728,1.5,-0.2,0.3,1,0.05,0.64470043522344,1.00111022302463e-13,-0.18227969461731,-0.114683401031973,0.27714113929872,1.36091135013584,-0.0309371606641018
0.324474439071491,2.5,4,0.7,1,0.4,0.000219302233769033,1.41401452578749e-13,-0.000449257521803509,0.000869563817542177,-0.000700947580923336,-0.00307029305962547,0.000991374252155621
0.901821703300811,0.6,-1,0.5,0.5,0.4,2.82139121666066e-05,1.00000006776264e-13,1.3764248667439e-05,-6.98139101711605e-06,0.00108114691927935,1.28565583481769e-05,-9.2429540631505e-06
2.26964075912256,2.5,0,0.5,1,0.05,0.0587752111442738,1.00006938893904e-13,-0.0224784554933267,-0.0321951745342106,0.0484903610853475,0.0526744988151895,-0.00175430127343695
2.76105514105875,2.5,0,0.7,1,0.05,0.0354473070012196,1.00006938893904e-13,-0.0164878721747106,-0.0183500900004604,0.044375317704663,-0.0403388188447131,-0.00178933957852942
2.95492788227275,0.6,0,0.7,0.5,0.2,1.36654966230023e-17,1e-13,-3.26540654274718e-18,-1.12193024942481e-17,1.80011060566295e-15,-3.07267565686013e-17,-2.28923972677728e-18
0.870276483264752,2.5,0.5,0.3,2,0.4,0.139500570620037,1.06050715484207e-13,-0.0396414428631037,-0.0306444166162978,0.0400780214902197,0.366286480695814,-0.0290068210515704
1.04845708447974,0.6,0.5,0.3,2,0.2,1.69597961118518e-06,1.00000000211758e-13,-2.31474208770112e-07,-6.21389730657615e-07,7.56221026911367e-05,3.91563747540007e-06,-2.69857122386866e-07
0.199520763463806,1,0.5,0.3,1,0.4,0.800956446543744,1e-13,-0.282772618556293,-0.0268179812545867,0.37848790267048,1.42333622040673,-0.352493049320829
0.307653332687914,0.6,1.5,0.5,0.5,0.2,0.0588920814891339,1.00006938893904e-13,-0.0415566349209188,0.00627988622244586,0.592823817336993,-0.0452236425446162,-0.00906972727176762
1.04514372914564,0.6,0,0.5,0.5,0.4,4.40135788397788e-06,1e-13,-1.04781582002036e-06,-1.6925520893161e-06,0.000195654878800541,1.35934322854877e-07,-1.47811920825532e-06
0.790562508639414,1.5,-1,0.5,0.5,0.05,0.321050256204015,1e-13,0.0107548524633717,-0.105730083468065,0.473388631827974,0.454409534245244,-0.0099009056802668
1.12037069556536,0.6,1.5,0.5,1,0.4,5.47699882053979e-07,1.00000000211758e-13,-5.10921493551463e-07,1.87769549441873e-07,2.60605197759188e-05,-1.61216672237597e-07,-1.80484145323202e-07
2.23927606664365,1,4,0.7,2,0.05,1.76108022775219e-06,1e-13,-1.70793164262332e-06,2.5206747399794e-06,3.52505042415291e-05,-4.2315941180327e-06,-6.53615473567768e-08
2.13459784528241,0.6,0,0.5,0.5,0.4,1.30212347925084e-12,1e-13,-2.54899231454975e-13,-8.79969653842457e-13,1.22696153511547e-10,3.30679004312652e-14,-4.37800373424325e-13
2.35021181727061,0.6,0,0.5,0.5,0.4,6.6594907649374e-14,1e-13,-1.25934394195231e-14,-4.80428106630522e-14,6.93112019953431e-12,1.63373456453054e-15,-2.23946069091839e-14
1.2336833084817,2.5,-0.2,0.7,2,0.05,0.163139923161291,1.00027755575616e-13,-0.0413251844592857,-0.046877134178555,0.0805983662515099,0.0219805266961391,-0.00665978116125454
2.98903096822323,1.5,0.5,0.7,0.5,0.4,0.000741897331749174,1.00000108420217e-13,-0.00105896184253533,0.000124345548171587,0.00542673099346361,-0.00182159351267877,-0.000218515825699979
1.02647205272224,0.6,1.5,0.7,2,0.05,1.82692878903325e-06,1e-13,-7.01098478607011e-07,-1.96445536784283e-07,7.96421478803094e-05,-4.13168719738668e-06,-7.37492582532107e-08
0.301362169731874,0.6,1.5,0.3,0.5,0.05,0.0622370942061962,1.00020816681712e-13,-0.036591194227276,0.00203767219048569,0.624287985303839,0.0916877424698377,-0.00333038708115754
2.57067955909297,1,-0.2,0.7,2,0.4,2.39460340976682e-06,1.00000000847033e-13,-3.34582148875605e-08,-1.08980675385833e-06,5.63872954023851e-05,-4.98579383183752e-06,-8.82646030407755e-07
1.59293777823914,0.6,4,0.5,2,0.4,1.53046446288522e-10,1.00000000000052e-13,-1.3847778758454e-10,1.84474826145267e-10,1.06010643448933e-08,-3.02447889480604e-11,-5.06050567656131e-11
2.9912516647717,1.5,-3,0.5,0.5,0.4,2.50398486286181e-06,1.00000000423516e-13,1.17087524650822e-05,2.52436898847623e-05,2.10190943577809e-05,5.96526680395053e-06,-2.74978799825576e-07
1.29456769153476,1,4,0.5,0.5,0.05,4.14718119117192e-07,1e-13,-1.77890189797832e-06,3.61245260443725e-06,3.86304610183987e-06,-1.21165045825442e-06,-1.95533339489439e-09
0.724456342682242,2.5,0.5,0.5,1,0.4,0.206414724972225,1.04746203430273e-13,-0.188536769192668,0.0909306791487371,-0.0473303261466969,-0.205363122272993,-0.0556858179197995
0.355505555018317,1,1.5,0.3,1,0.4,0.193525226604835,1e-13,-0.121864902104663,0.0272435075153893,0.260677381105792,0.301924674564266,-0.0868151728445414
2.70169848843943,1.5,-1,0.3,0.5,0.4,0.00134428635620424,1.00000216840435e-13,0.00175525383332261,6.81061345414641e-05,0.00914204703648607,0.00415844289326299,-0.000192885110475536
0.798839256505016,0.6,-0.2,0.3,1,0.2,9.285405494952e-05,1e-13,-1.29430734874694e-06,-4.11837990827049e-05,0.0030859770737053,0.000223263436718241,-1.41426169077624e-05
1.26939885610482,0.6,-3,0.5,1,0.05,1.96411241474338e-08,1.00000000006617e-13,3.03616897899322e-08,3.59477115508455e-08,1.08804413697031e-06,1.71017603424016e-08,-7.32886618720438e-10
